Timestamp,Log Level,Log Source,Log Type,Log Severity,Log Message,Source IP,Destination IP,User,Error Code,Session ID,Label,Log Source Type,Log Action,Log Component,User Role,Log Duration,Log Process,Log Event,Error Type,Session Duration,User Activity
2024-08-02 07:43:34,WARNING,System,Security,Low,Log message 1,171.64.21.202,19.145.95.69,QTlbOLSIC,-,196975,Normal,Application,Analyzing,User Activity,Administrator,11,Process 1,Event 1,None,0,Deleting
2020-02-12 09:32:35,DEBUG,Application,Security,High,Log message 2,88.161.205.255,212.3.166.109,CRZjaPk,-,-,Normal,Server,Analyzing,Database,Guest,100,Process 2,Event 2,None,1180,Viewing
2020-09-06 16:49:20,WARNING,Application,Security,Medium,Log message 3,205.227.42.247,181.170.174.167,rdPMlI,-,760036,Normal,System,Reading,Network,Administrator,23,Process 3,Event 3,None,137,Deleting
2020-04-11 04:18:18,WARNING,Server,Security,Low,Log message 4,7.184.103.87,80.158.240.25,ePDRFxgSjy,8833,555788,Normal,Application,Processing,Disk,Administrator,53,Process 4,Event 4,SyntaxError,2120,Viewing
2024-11-25 15:23:17,ERROR,Server,Security,Medium,Log message 5,133.35.212.246,67.250.164.7,niSmMiwT,-,984959,Normal,Application,Processing,Disk,Guest,20,Process 5,Event 5,None,2277,Deleting
2021-06-22 22:49:26,ERROR,Application,Activity,Low,Log message 6,164.115.205.53,236.181.98.210,HewRHibUfd,-,331791,Normal,System,Processing,Database,Guest,37,Process 6,Event 6,TypeError,1371,Editing
2020-02-04 21:45:11,DEBUG,System,Error,High,Log message 7,120.180.93.237,165.188.147.167,AlhZbrFMh,-,-,Normal,System,Writing,Database,Administrator,7,Process 7,Event 7,None,0,Editing
2022-01-17 20:02:27,ERROR,System,Error,Low,Log message 8,217.249.107.87,190.195.217.205,sKYfRBVEku,8733,-,Normal,Server,Analyzing,Disk,Guest,66,Process 8,Event 8,None,239,Viewing
2021-10-09 13:52:26,INFO,System,Security,High,Log message 9,137.223.184.54,233.220.183.160,MIQgWhK,-,132475,Normal,Application,Reading,Network,User,40,Process 9,Event 9,None,572,Analyzing
2022-04-07 19:20:51,DEBUG,Server,Error,Medium,Log message 10,105.1.24.98,39.216.176.57,SyevM,3628,-,Normal,Application,Reading,Database,Administrator,41,Process 10,Event 10,ValueError,0,Viewing
2021-11-27 15:14:43,DEBUG,Application,Security,Medium,Log message 11,48.112.113.54,79.55.53.87,HMWxqKuLh,-,364968,Normal,Application,Reading,Network,Guest,14,Process 11,Event 11,ValueError,3479,Deleting
2023-12-21 16:35:58,INFO,System,Error,Medium,Log message 12,173.231.167.141,77.89.179.123,xSXtkv,8314,-,Normal,Server,Processing,Database,Guest,4,Process 12,Event 12,None,3092,Viewing
2020-09-13 23:43:02,WARNING,System,Error,Medium,Log message 13,91.50.119.24,69.105.244.224,UoKoYff,-,661350,Normal,Server,Writing,Network,Administrator,22,Process 13,Event 13,None,0,Deleting
2023-07-06 03:17:27,DEBUG,System,Activity,Medium,Log message 14,8.82.185.101,70.221.160.182,iAmjiGNn,8134,994700,Error,Application,Processing,User Activity,Administrator,20,Process 14,Event 14,None,0,Viewing
2024-09-10 11:37:16,DEBUG,System,Security,Medium,Log message 15,207.136.13.6,136.12.171.87,aRGdhqWHQW,-,166736,Normal,System,Writing,Network,Administrator,59,Process 15,Event 15,None,235,Deleting
2021-01-24 14:13:05,INFO,Server,Security,Low,Log message 16,48.29.237.82,185.225.79.64,tsOKcl,-,822585,Normal,Application,Processing,Disk,User,31,Process 16,Event 16,None,1340,Deleting
2022-02-25 16:32:33,DEBUG,Application,Activity,Medium,Log message 17,15.158.94.178,120.184.146.88,DKyRoA,-,981614,Error,Server,Analyzing,User Activity,User,26,Process 17,Event 17,None,0,Analyzing
2023-11-28 02:36:35,ERROR,System,Security,Low,Log message 18,4.129.230.43,201.30.99.144,nKJamZH,-,731269,Normal,Server,Analyzing,Network,User,15,Process 18,Event 18,ValueError,0,Editing
2020-02-08 21:05:50,ERROR,Application,Error,Low,Log message 19,131.93.5.25,176.7.44.16,vamvby,-,-,Normal,Server,Processing,Database,Administrator,90,Process 19,Event 19,RuntimeError,2076,Viewing
2024-04-10 02:35:16,ERROR,Application,Error,High,Log message 20,255.200.187.61,130.8.68.166,qbJzJAkOEg,3657,-,Normal,Server,Processing,User Activity,Administrator,28,Process 20,Event 20,None,564,Editing
2020-04-13 03:12:14,WARNING,Server,Error,Medium,Log message 21,207.146.20.224,199.141.30.187,kdEBZx,-,-,Normal,Application,Processing,Network,User,58,Process 21,Event 21,None,3285,Editing
2021-11-09 10:04:48,INFO,Server,Error,Medium,Log message 22,137.78.124.105,75.77.11.241,AJQnwYHTVd,-,689290,Normal,System,Writing,Database,User,4,Process 22,Event 22,ValueError,0,Viewing
2023-11-06 07:33:46,ERROR,Server,Activity,Medium,Log message 23,149.37.182.8,232.237.211.227,OBGOuYiHqd,8307,927970,Normal,Server,Processing,Disk,Guest,19,Process 23,Event 23,None,0,Editing
2020-09-23 12:16:37,WARNING,Application,Error,Low,Log message 24,158.23.186.100,158.1.108.219,oDcvsH,9598,235850,Normal,Application,Writing,User Activity,User,60,Process 24,Event 24,RuntimeError,2429,Editing
2023-05-02 00:31:10,WARNING,Server,Activity,High,Log message 25,124.156.234.6,183.165.30.173,hYEvLzcI,3966,-,Normal,Application,Writing,Network,Administrator,73,Process 25,Event 25,None,0,Editing
2020-01-19 18:04:44,ERROR,Application,Error,High,Log message 26,183.117.229.185,88.206.67.0,lhPHIIvA,-,-,Error,Application,Analyzing,Database,Administrator,46,Process 26,Event 26,None,3455,Viewing
2022-09-27 18:15:44,ERROR,System,Security,Medium,Log message 27,207.42.220.68,180.224.243.184,FjglTSnxB,-,-,Normal,Server,Reading,Disk,User,50,Process 27,Event 27,RuntimeError,404,Viewing
2023-07-28 02:48:04,ERROR,Server,Error,Low,Log message 28,0.206.74.141,183.67.48.9,IctfIfWz,6032,366122,Normal,System,Processing,User Activity,Guest,94,Process 28,Event 28,None,3347,Deleting
2023-02-24 00:12:10,INFO,Server,Error,High,Log message 29,6.165.63.107,247.200.242.69,MzeVtYKe,-,-,Normal,Application,Analyzing,Database,User,19,Process 29,Event 29,None,718,Viewing
2021-02-21 08:11:39,ERROR,Server,Security,High,Log message 30,166.138.127.177,126.221.83.237,HGLUYfz,-,-,Normal,Application,Analyzing,Database,User,41,Process 30,Event 30,None,3484,Deleting
2023-08-02 20:42:16,WARNING,Server,Activity,Medium,Log message 31,89.239.47.194,60.209.227.215,DGFNFHsOuy,-,270389,Normal,Server,Processing,Database,User,75,Process 31,Event 31,None,0,Viewing
2021-08-20 08:57:04,ERROR,System,Security,High,Log message 32,85.126.241.37,15.127.131.67,axkNt,-,441174,Normal,System,Analyzing,Disk,Administrator,77,Process 32,Event 32,None,711,Analyzing
2023-03-18 17:13:20,DEBUG,Application,Error,Medium,Log message 33,152.76.129.139,76.251.185.201,XJfzDQlZBC,3281,750923,Normal,Application,Processing,Network,User,67,Process 33,Event 33,None,0,Viewing
2022-10-02 12:09:44,INFO,Application,Security,Medium,Log message 34,23.84.190.117,40.87.93.169,oTjtZJU,-,883890,Normal,System,Processing,Disk,Guest,8,Process 34,Event 34,SyntaxError,1555,Analyzing
2020-03-09 08:18:52,DEBUG,Application,Error,Low,Log message 35,151.250.254.245,98.157.68.177,ZdPxRFwEbp,-,430457,Error,Application,Processing,Database,User,47,Process 35,Event 35,SyntaxError,0,Deleting
2021-12-24 22:21:44,DEBUG,Application,Error,Low,Log message 36,24.233.49.219,107.201.35.183,wXkKHOoT,4190,-,Error,Server,Reading,Database,User,12,Process 36,Event 36,ValueError,2994,Viewing
2022-10-10 09:09:47,WARNING,Server,Error,Medium,Log message 37,31.253.65.144,153.86.201.207,HDoJbmA,1551,473161,Normal,Server,Writing,Database,User,3,Process 37,Event 37,None,0,Deleting
2021-11-21 20:53:21,DEBUG,Server,Activity,Medium,Log message 38,221.102.192.160,185.114.168.142,CRTbqdf,-,999628,Error,Application,Analyzing,Disk,User,80,Process 38,Event 38,None,3419,Editing
2020-10-02 20:28:29,WARNING,Application,Error,Medium,Log message 39,216.35.91.124,160.63.39.240,nBJAuCXPf,-,-,Normal,Server,Writing,Network,Administrator,61,Process 39,Event 39,None,0,Editing
2023-01-16 09:49:56,ERROR,Server,Activity,Medium,Log message 40,177.155.55.172,158.216.227.132,gUvXbkoe,-,-,Error,Server,Analyzing,Disk,Guest,31,Process 40,Event 40,SyntaxError,0,Editing
2022-07-21 10:25:16,DEBUG,System,Security,Low,Log message 41,83.153.216.252,240.172.43.183,MvERe,9026,479686,Normal,Application,Reading,Network,Administrator,99,Process 41,Event 41,None,806,Analyzing
2020-10-03 16:31:12,DEBUG,Application,Error,Medium,Log message 42,2.194.210.202,92.31.50.238,uRPVoP,-,967918,Normal,Application,Analyzing,Disk,User,71,Process 42,Event 42,None,0,Editing
2023-11-06 07:37:39,DEBUG,Server,Security,High,Log message 43,52.147.209.9,30.11.200.176,AvtLp,-,119577,Normal,System,Processing,Disk,User,52,Process 43,Event 43,None,1588,Deleting
2021-05-20 07:04:15,ERROR,Application,Security,Medium,Log message 44,22.192.181.197,39.62.146.20,wWQCYhW,-,896061,Normal,Server,Processing,Disk,User,97,Process 44,Event 44,None,3227,Deleting
2020-03-18 12:40:21,WARNING,System,Security,Low,Log message 45,213.114.188.223,36.32.49.58,EmgfXm,8024,-,Normal,Application,Analyzing,Disk,Guest,78,Process 45,Event 45,None,0,Deleting
2021-10-05 18:23:09,INFO,Application,Security,Low,Log message 46,206.43.243.98,153.172.205.176,KpkRi,-,739776,Normal,Server,Processing,Disk,Administrator,35,Process 46,Event 46,None,3208,Analyzing
2021-07-08 13:38:12,WARNING,Server,Error,Medium,Log message 47,144.9.42.188,35.8.221.228,meyhY,-,697063,Normal,Server,Analyzing,Database,User,3,Process 47,Event 47,None,2878,Deleting
2024-01-05 14:55:15,ERROR,Server,Security,Medium,Log message 48,28.252.82.70,42.176.199.133,xUmHfDgU,5235,-,Normal,Server,Processing,Database,Guest,48,Process 48,Event 48,None,672,Deleting
2020-12-07 22:06:32,WARNING,Server,Activity,Medium,Log message 49,82.210.212.17,198.91.61.163,hhNTMYO,2671,654613,Normal,System,Writing,Database,Guest,42,Process 49,Event 49,None,1249,Analyzing
2021-06-12 00:43:50,WARNING,Server,Activity,High,Log message 50,159.1.162.169,185.224.157.170,gBZxeaPDXF,-,-,Normal,Server,Reading,Database,User,3,Process 50,Event 50,None,2156,Analyzing
2020-02-10 22:10:37,ERROR,Server,Security,High,Log message 51,231.11.71.71,96.201.253.4,TTMzXtu,8997,-,Error,Server,Writing,User Activity,User,19,Process 51,Event 51,None,1008,Deleting
2023-12-24 07:10:49,DEBUG,System,Error,High,Log message 52,250.25.176.215,129.119.26.50,tuXXipYYAT,8112,614566,Normal,System,Analyzing,Disk,Administrator,79,Process 52,Event 52,None,1838,Deleting
2022-05-08 11:10:42,WARNING,Application,Error,High,Log message 53,191.217.247.152,107.108.134.21,RHzfSHr,5888,709008,Normal,Application,Analyzing,User Activity,Guest,50,Process 53,Event 53,None,0,Viewing
2020-07-11 21:52:25,INFO,Application,Security,High,Log message 54,9.136.83.7,193.83.169.172,hxTCq,-,108895,Normal,Application,Reading,Network,Administrator,37,Process 54,Event 54,None,702,Deleting
2021-07-03 04:20:19,WARNING,System,Security,Low,Log message 55,42.204.90.155,49.238.93.51,RJXtyRze,-,405249,Normal,System,Reading,Disk,Administrator,41,Process 55,Event 55,SyntaxError,0,Viewing
2022-09-02 01:17:31,WARNING,Server,Security,Low,Log message 56,252.126.200.229,45.5.193.42,tRKoGeGsgx,-,-,Normal,Application,Writing,User Activity,User,3,Process 56,Event 56,None,1279,Editing
2020-01-07 08:58:56,DEBUG,System,Error,High,Log message 57,53.174.183.249,70.160.193.29,PaeAMiVJe,6935,606553,Normal,Server,Analyzing,User Activity,Guest,7,Process 57,Event 57,ValueError,998,Viewing
2023-01-26 22:34:25,WARNING,Application,Error,Low,Log message 58,179.8.202.166,203.149.48.237,ADrNsdLfOG,4292,480231,Normal,System,Processing,Network,Administrator,28,Process 58,Event 58,RuntimeError,1408,Viewing
2022-12-09 13:45:44,INFO,Server,Security,Low,Log message 59,209.192.177.87,106.226.229.89,GAAAOzf,-,583837,Normal,Application,Reading,Database,Guest,35,Process 59,Event 59,TypeError,2179,Viewing
2022-02-23 00:25:59,WARNING,Server,Error,High,Log message 60,98.170.159.103,105.49.7.92,dKtzARZ,-,146334,Normal,Server,Reading,Database,User,45,Process 60,Event 60,None,1366,Analyzing
2021-02-18 04:04:18,INFO,Application,Security,Low,Log message 61,174.51.96.7,40.48.120.190,cJSRRom,-,379638,Error,Server,Analyzing,Disk,Guest,30,Process 61,Event 61,None,3311,Deleting
2023-05-24 17:35:41,WARNING,Application,Activity,Low,Log message 62,213.78.92.188,109.41.98.211,jGWhrliuj,-,952716,Normal,System,Processing,User Activity,User,27,Process 62,Event 62,None,1959,Deleting
2024-05-12 11:24:39,DEBUG,System,Security,Low,Log message 63,31.186.21.52,237.75.217.191,vmANxH,-,741076,Normal,Application,Reading,Disk,Guest,83,Process 63,Event 63,None,227,Editing
2021-07-06 18:10:18,WARNING,Application,Activity,Medium,Log message 64,101.77.183.33,143.235.205.248,byDxw,9632,518389,Normal,System,Analyzing,Network,Guest,4,Process 64,Event 64,None,3048,Deleting
2021-12-28 21:47:18,ERROR,Server,Error,Low,Log message 65,84.22.198.211,36.39.107.145,fezyo,2596,-,Error,Server,Analyzing,Network,User,6,Process 65,Event 65,None,0,Viewing
2021-05-19 13:06:20,INFO,System,Security,High,Log message 66,95.199.83.147,0.51.104.124,uMiyyjWhp,-,718824,Normal,Application,Writing,Database,User,29,Process 66,Event 66,None,714,Deleting
2022-07-01 03:55:30,WARNING,Server,Activity,High,Log message 67,143.45.134.67,9.195.134.168,WBhnwQUt,2547,234653,Normal,Application,Writing,Network,Administrator,39,Process 67,Event 67,None,2803,Editing
2020-10-19 18:24:24,INFO,Application,Activity,Low,Log message 68,50.133.72.17,200.105.75.65,HEoIAaF,-,369073,Normal,System,Reading,Disk,Administrator,70,Process 68,Event 68,None,28,Viewing
2024-12-13 00:53:10,INFO,Application,Security,High,Log message 69,244.96.157.231,172.110.19.218,PPouJgw,4531,774149,Normal,System,Analyzing,Disk,Guest,40,Process 69,Event 69,None,0,Deleting
2020-12-22 02:54:14,DEBUG,System,Security,High,Log message 70,214.17.1.57,203.142.46.202,UrKhfgcE,-,405922,Normal,System,Analyzing,Network,Administrator,34,Process 70,Event 70,ValueError,0,Deleting
2021-10-28 05:23:49,WARNING,System,Activity,Medium,Log message 71,179.126.37.65,184.96.235.123,SPpERXx,7107,189064,Normal,Application,Analyzing,User Activity,Guest,73,Process 71,Event 71,None,602,Viewing
2022-12-19 13:39:06,DEBUG,Application,Security,Medium,Log message 72,46.183.234.85,134.206.123.138,ZDhCTAAm,-,357591,Normal,Application,Analyzing,Database,Guest,66,Process 72,Event 72,None,0,Deleting
2022-04-06 22:27:52,INFO,System,Error,High,Log message 73,180.245.63.13,46.39.89.125,VUkKx,-,467408,Error,System,Analyzing,Disk,User,75,Process 73,Event 73,RuntimeError,0,Analyzing
2024-07-08 05:06:56,INFO,Application,Security,Low,Log message 74,48.252.235.248,237.134.88.168,iaEJJPr,9320,952228,Normal,System,Writing,User Activity,Administrator,11,Process 74,Event 74,RuntimeError,137,Editing
2022-01-08 11:54:45,INFO,Server,Security,Medium,Log message 75,19.181.216.48,96.23.22.211,PuQGVx,4808,174024,Normal,Server,Writing,Network,User,34,Process 75,Event 75,None,0,Viewing
2024-01-04 02:10:19,INFO,Server,Error,Low,Log message 76,22.70.142.18,89.182.168.15,PfyikracaE,9889,682718,Normal,System,Analyzing,User Activity,Administrator,50,Process 76,Event 76,None,2062,Editing
2020-09-09 12:44:31,DEBUG,Server,Activity,Low,Log message 77,205.240.137.20,195.153.198.248,NNcwfx,2389,871794,Normal,System,Reading,Network,Guest,31,Process 77,Event 77,None,0,Deleting
2021-12-25 13:15:09,ERROR,System,Activity,Medium,Log message 78,252.252.218.180,70.71.204.83,rKkRbIZOd,-,349451,Normal,System,Analyzing,Network,Administrator,83,Process 78,Event 78,None,0,Analyzing
2021-06-09 00:59:32,DEBUG,Server,Security,Low,Log message 79,231.97.39.90,67.207.161.223,QqkhNdahB,8721,456988,Normal,Server,Analyzing,Network,Guest,14,Process 79,Event 79,TypeError,0,Editing
2020-06-07 20:45:11,INFO,System,Error,Medium,Log message 80,238.14.14.164,216.26.40.160,KTTCQnSQ,-,451897,Normal,Application,Analyzing,User Activity,User,63,Process 80,Event 80,ValueError,257,Viewing
2022-05-25 04:22:12,INFO,Server,Error,High,Log message 81,44.157.222.69,219.192.157.105,aFQxL,2504,706975,Normal,Application,Writing,Disk,Administrator,15,Process 81,Event 81,None,754,Viewing
2023-02-19 21:11:14,INFO,Server,Activity,Medium,Log message 82,160.129.65.166,102.49.215.14,IFTGARO,-,-,Normal,Server,Analyzing,Disk,Guest,83,Process 82,Event 82,None,4,Analyzing
2022-07-03 16:36:15,ERROR,System,Activity,High,Log message 83,124.60.133.135,151.65.234.169,FPsBZguNs,1210,-,Normal,Application,Analyzing,Network,User,46,Process 83,Event 83,TypeError,0,Editing
2020-06-13 19:49:07,ERROR,System,Error,Medium,Log message 84,170.101.176.235,0.109.215.250,dWIwj,5098,-,Normal,Application,Processing,Database,Guest,95,Process 84,Event 84,None,0,Deleting
2022-05-13 07:43:45,WARNING,Application,Error,Low,Log message 85,5.206.59.7,180.92.199.226,lGXYMyDqu,7090,931498,Normal,Application,Writing,Disk,Guest,89,Process 85,Event 85,SyntaxError,1303,Editing
2022-02-15 15:26:53,WARNING,Server,Activity,Medium,Log message 86,52.180.2.110,70.230.96.76,ZhfzZvkdz,-,807334,Normal,System,Processing,User Activity,Administrator,56,Process 86,Event 86,None,553,Viewing
2022-09-24 17:22:34,WARNING,Application,Activity,Low,Log message 87,202.124.154.105,124.55.65.25,FFmWN,7392,661679,Error,Server,Writing,User Activity,Guest,83,Process 87,Event 87,None,2814,Analyzing
2022-11-22 07:21:05,WARNING,Server,Error,Low,Log message 88,136.105.245.29,111.135.173.7,zBZOELfe,-,938594,Normal,System,Reading,Database,Administrator,39,Process 88,Event 88,RuntimeError,0,Analyzing
2021-11-15 18:07:17,DEBUG,Server,Activity,High,Log message 89,209.85.176.139,194.2.238.42,VWkXkYHA,-,953979,Normal,Application,Reading,User Activity,Administrator,6,Process 89,Event 89,RuntimeError,3471,Editing
2020-06-24 13:51:22,ERROR,Application,Security,Low,Log message 90,134.239.90.176,89.108.176.155,zaPEBNf,2255,979873,Normal,System,Processing,User Activity,User,65,Process 90,Event 90,None,2709,Deleting
2023-04-28 09:42:30,WARNING,Application,Activity,Medium,Log message 91,217.91.187.106,21.240.193.37,DcfBfiX,4110,528881,Normal,Application,Writing,Network,Guest,59,Process 91,Event 91,ValueError,185,Viewing
2024-08-03 23:56:43,ERROR,System,Activity,Low,Log message 92,22.193.72.105,222.195.158.69,tgXXMaovpM,-,862396,Normal,Server,Analyzing,Disk,User,29,Process 92,Event 92,None,0,Viewing
2021-09-12 14:22:45,ERROR,Application,Error,High,Log message 93,169.157.20.7,224.147.4.108,Pzqav,8798,-,Normal,Application,Reading,Network,User,36,Process 93,Event 93,None,0,Deleting
2024-03-28 00:42:34,INFO,Server,Activity,Low,Log message 94,109.170.181.133,84.195.186.120,DzkYo,-,-,Normal,System,Processing,Network,Guest,27,Process 94,Event 94,None,0,Deleting
2020-08-15 20:17:48,DEBUG,Server,Error,Medium,Log message 95,176.205.1.150,123.190.84.115,JxkdmO,-,-,Normal,Server,Writing,Disk,User,8,Process 95,Event 95,None,2447,Viewing
2021-02-02 02:04:08,INFO,Application,Activity,Medium,Log message 96,225.169.206.233,30.121.116.45,OsXvv,-,519247,Normal,Server,Writing,Network,User,57,Process 96,Event 96,None,0,Deleting
2023-07-14 18:25:03,ERROR,Application,Security,High,Log message 97,133.94.227.146,218.159.170.187,PlgTui,-,483603,Error,Server,Analyzing,Disk,Guest,72,Process 97,Event 97,None,737,Analyzing
2020-09-02 00:13:47,WARNING,System,Activity,Medium,Log message 98,2.85.60.55,54.152.2.89,KuIRNkH,2984,739185,Normal,Server,Analyzing,Database,Guest,61,Process 98,Event 98,None,826,Deleting
2023-08-28 06:30:23,DEBUG,System,Security,Medium,Log message 99,44.33.156.251,114.233.133.20,nRXKwAnmJ,9546,-,Normal,Application,Processing,Network,Administrator,18,Process 99,Event 99,None,0,Editing
2022-09-08 08:11:04,DEBUG,Application,Error,High,Log message 100,104.196.168.87,172.168.220.152,AXYWKU,1710,496328,Normal,Application,Writing,Disk,User,31,Process 100,Event 100,None,0,Analyzing
2022-10-07 23:38:13,WARNING,System,Activity,High,Log message 101,159.234.69.172,3.226.255.107,BqwndgUKLA,6381,860354,Normal,Application,Writing,User Activity,Administrator,59,Process 101,Event 101,None,2638,Editing
2022-04-22 11:48:16,WARNING,System,Error,High,Log message 102,229.3.199.121,35.25.108.183,KnQZHfwLN,4173,911902,Normal,System,Reading,User Activity,User,99,Process 102,Event 102,None,0,Analyzing
2022-05-03 03:49:29,ERROR,Server,Activity,Low,Log message 103,132.249.111.172,66.105.13.34,UCCOnrqG,9172,-,Normal,Server,Writing,Disk,User,33,Process 103,Event 103,TypeError,1867,Analyzing
2021-06-18 14:06:11,INFO,Application,Error,Low,Log message 104,125.22.15.197,42.16.224.38,QOttiOGb,6538,316207,Normal,Server,Processing,Database,Guest,11,Process 104,Event 104,SyntaxError,2145,Analyzing
2022-10-07 01:53:29,WARNING,System,Error,High,Log message 105,35.44.166.136,77.76.218.217,gLRIXG,1229,735513,Normal,Application,Analyzing,Database,User,7,Process 105,Event 105,SyntaxError,1363,Viewing
2024-09-01 06:34:36,DEBUG,Server,Activity,Medium,Log message 106,95.93.253.7,171.79.207.53,CVDNtsxWma,4046,583371,Normal,Server,Analyzing,Database,User,52,Process 106,Event 106,None,2634,Editing
2020-07-22 22:07:28,INFO,System,Activity,Low,Log message 107,137.252.63.142,35.125.223.161,bQAhxxVn,3596,-,Normal,System,Reading,Database,Guest,39,Process 107,Event 107,None,1788,Analyzing
2022-02-16 05:04:28,WARNING,Server,Activity,Low,Log message 108,78.200.183.78,106.119.134.66,LSOvHccMdW,-,-,Normal,Application,Processing,Database,Administrator,9,Process 108,Event 108,None,3573,Deleting
2024-05-20 17:36:58,ERROR,Server,Activity,Medium,Log message 109,192.236.232.186,138.89.99.88,hitIGoD,-,778095,Normal,Application,Processing,User Activity,User,47,Process 109,Event 109,None,0,Viewing
2021-07-06 13:03:32,ERROR,Application,Error,Medium,Log message 110,196.77.70.232,32.131.168.157,tBvMP,9634,579798,Error,Server,Reading,Network,Guest,4,Process 110,Event 110,None,0,Viewing
2023-04-02 14:46:53,INFO,Server,Activity,Medium,Log message 111,137.223.21.133,212.84.81.13,UxivQE,3610,-,Normal,System,Analyzing,Disk,Guest,64,Process 111,Event 111,None,1534,Deleting
2024-10-06 02:24:55,INFO,Application,Activity,High,Log message 112,160.126.237.178,167.35.168.33,NOtMcjI,-,750969,Error,Server,Writing,Network,User,41,Process 112,Event 112,TypeError,0,Viewing
2020-03-06 17:32:05,DEBUG,System,Error,Low,Log message 113,94.244.4.156,233.89.117.99,YzBmIsOvr,7240,886865,Error,Application,Processing,User Activity,User,67,Process 113,Event 113,None,3500,Deleting
2023-08-10 00:14:21,WARNING,Application,Activity,High,Log message 114,81.233.73.162,29.41.82.233,XcvgoGqq,-,395782,Normal,Server,Reading,Network,Guest,70,Process 114,Event 114,None,1906,Deleting
2022-02-26 19:27:14,DEBUG,System,Activity,Medium,Log message 115,76.193.7.160,131.134.139.89,xtwdnHR,-,280422,Normal,System,Reading,Network,Guest,80,Process 115,Event 115,TypeError,0,Deleting
2020-12-19 04:50:44,ERROR,System,Security,High,Log message 116,130.58.213.30,110.247.101.100,CCJfrB,6599,-,Normal,Application,Processing,Disk,User,20,Process 116,Event 116,None,0,Viewing
2020-02-27 03:53:31,INFO,System,Activity,High,Log message 117,253.21.35.150,130.111.48.91,VuXadBugg,9377,-,Error,Application,Analyzing,User Activity,User,50,Process 117,Event 117,None,234,Editing
2022-11-17 11:33:22,WARNING,Application,Error,Medium,Log message 118,80.72.117.254,108.164.215.180,IizYVoRsvu,-,498739,Error,Application,Processing,User Activity,User,75,Process 118,Event 118,None,18,Analyzing
2023-11-25 13:13:06,ERROR,Server,Error,Low,Log message 119,20.188.179.18,138.240.252.160,lzInFi,-,303989,Normal,Server,Processing,Disk,Guest,35,Process 119,Event 119,None,3590,Deleting
2024-09-26 15:19:18,WARNING,Application,Activity,High,Log message 120,254.188.120.118,45.77.52.105,kjOdHNqFVC,3578,198839,Normal,Application,Reading,User Activity,User,93,Process 120,Event 120,ValueError,1786,Viewing
2022-09-26 22:25:11,WARNING,Application,Activity,High,Log message 121,72.215.195.177,110.38.12.1,HeAuWt,-,-,Normal,Application,Writing,User Activity,Administrator,7,Process 121,Event 121,None,1104,Editing
2024-03-19 21:33:02,ERROR,Application,Activity,Low,Log message 122,49.119.128.205,57.67.64.44,yNOoMwfi,6583,-,Normal,Server,Analyzing,User Activity,User,44,Process 122,Event 122,None,0,Editing
2022-05-23 16:58:30,INFO,Server,Error,Medium,Log message 123,130.183.28.13,247.51.60.10,psmtNbmtO,5530,522488,Normal,System,Reading,Disk,User,33,Process 123,Event 123,None,774,Editing
2021-12-12 09:23:05,ERROR,Server,Error,Low,Log message 124,113.180.241.167,104.153.1.87,sLiFPR,-,246829,Normal,Server,Reading,Database,User,67,Process 124,Event 124,None,0,Analyzing
2022-07-08 16:02:58,ERROR,Application,Security,Low,Log message 125,32.56.158.184,59.231.94.45,PKpfOg,7691,609855,Normal,Application,Reading,User Activity,Administrator,74,Process 125,Event 125,ValueError,2334,Viewing
2024-02-14 08:05:20,ERROR,Server,Security,High,Log message 126,191.19.195.22,51.14.70.125,BzqhUWLUPd,-,-,Error,Application,Processing,Network,Administrator,79,Process 126,Event 126,None,3156,Editing
2022-04-03 21:04:24,DEBUG,System,Activity,Medium,Log message 127,133.153.26.1,25.168.244.130,DBbTEP,-,955086,Normal,System,Processing,Disk,Guest,53,Process 127,Event 127,None,2087,Viewing
2023-04-25 04:51:14,DEBUG,Application,Activity,Low,Log message 128,65.222.65.66,164.156.196.108,dpApXTQN,-,-,Normal,Application,Writing,User Activity,Guest,76,Process 128,Event 128,None,0,Analyzing
2024-02-10 06:07:55,DEBUG,System,Security,Medium,Log message 129,28.65.90.221,80.253.151.181,CwKfMcZ,5280,-,Normal,System,Analyzing,Disk,User,75,Process 129,Event 129,None,0,Editing
2022-03-23 02:15:22,DEBUG,System,Security,Medium,Log message 130,197.28.204.6,21.236.131.255,TrBYGATy,1866,-,Normal,Application,Analyzing,User Activity,Administrator,93,Process 130,Event 130,TypeError,756,Editing
2023-09-26 00:47:14,INFO,Application,Security,High,Log message 131,210.6.12.85,189.147.100.250,WsedCS,-,281366,Normal,Server,Analyzing,Database,User,60,Process 131,Event 131,SyntaxError,3232,Editing
2024-04-02 04:49:17,ERROR,Application,Error,Medium,Log message 132,181.187.205.136,69.145.100.132,zTWAmLUCHj,-,901283,Error,Server,Processing,User Activity,User,58,Process 132,Event 132,RuntimeError,1582,Deleting
2020-07-20 04:02:02,INFO,System,Security,Medium,Log message 133,143.102.215.157,217.115.192.255,tRSeYBKwe,-,311356,Normal,System,Writing,Network,Guest,89,Process 133,Event 133,None,0,Viewing
2024-09-22 11:14:29,WARNING,Server,Security,High,Log message 134,196.42.47.99,168.111.205.84,QYUDyxFuvi,8700,-,Normal,Server,Processing,User Activity,Guest,100,Process 134,Event 134,None,2010,Deleting
2023-12-21 10:36:08,WARNING,Application,Error,Low,Log message 135,174.123.104.145,192.39.178.143,VsYBmrn,-,-,Normal,Server,Processing,Network,Guest,50,Process 135,Event 135,None,0,Analyzing
2024-08-08 00:51:34,WARNING,System,Activity,Medium,Log message 136,102.105.102.254,99.196.194.185,Zkdxmb,7739,738012,Normal,Server,Analyzing,Disk,User,18,Process 136,Event 136,TypeError,0,Editing
2022-09-22 07:01:09,WARNING,Server,Error,Low,Log message 137,245.1.7.235,68.227.225.76,DfbKuOTQC,-,976728,Normal,System,Writing,Disk,User,6,Process 137,Event 137,None,0,Editing
2023-08-13 08:53:07,DEBUG,Server,Activity,Medium,Log message 138,63.152.144.145,219.78.186.168,SAysC,-,811513,Normal,Application,Writing,User Activity,User,26,Process 138,Event 138,None,2213,Editing
2020-12-26 05:25:51,WARNING,System,Error,Medium,Log message 139,198.253.138.126,4.178.10.81,qBbhsLhKFJ,-,145342,Normal,Application,Processing,Network,User,90,Process 139,Event 139,None,3457,Editing
2021-06-24 16:19:01,INFO,Application,Activity,High,Log message 140,87.97.69.172,238.113.57.222,dSgVIYalQ,8968,-,Normal,Server,Processing,Network,Guest,61,Process 140,Event 140,None,3556,Analyzing
2021-02-04 15:25:46,WARNING,System,Security,High,Log message 141,184.55.221.19,189.246.165.82,WbndgCiI,-,464410,Normal,System,Processing,User Activity,Guest,55,Process 141,Event 141,SyntaxError,0,Editing
2020-03-15 19:38:32,WARNING,Server,Activity,Medium,Log message 142,106.135.255.143,232.143.82.217,NRfSLDoVlx,-,-,Normal,System,Reading,Disk,User,90,Process 142,Event 142,ValueError,467,Viewing
2020-01-26 00:12:15,INFO,Application,Activity,Medium,Log message 143,75.222.88.105,62.13.95.3,vlRRRFeZ,-,247907,Normal,Server,Analyzing,Database,User,55,Process 143,Event 143,None,273,Analyzing
2021-05-01 00:16:06,DEBUG,Application,Error,Low,Log message 144,13.28.115.191,122.246.243.35,hYxtqSRE,-,417403,Normal,Application,Writing,User Activity,Administrator,72,Process 144,Event 144,None,2420,Deleting
2022-01-14 01:31:13,ERROR,Application,Error,Low,Log message 145,38.166.29.202,51.233.168.220,TCOyJPTtJd,-,-,Normal,System,Analyzing,User Activity,Guest,88,Process 145,Event 145,None,937,Editing
2023-06-08 15:50:42,WARNING,System,Security,High,Log message 146,160.103.80.27,140.188.56.130,sGVcCOiGps,2396,169815,Error,Application,Analyzing,Network,Guest,54,Process 146,Event 146,None,2568,Viewing
2023-09-12 07:30:08,INFO,Server,Security,Low,Log message 147,31.3.11.244,72.187.206.193,UGdxDum,7010,963782,Error,Server,Writing,Database,Guest,50,Process 147,Event 147,None,1751,Analyzing
2024-06-05 03:28:40,INFO,Server,Activity,Low,Log message 148,138.235.237.117,254.0.33.222,ZyQUSTGI,9968,514733,Error,Application,Reading,Disk,User,47,Process 148,Event 148,None,2636,Editing
2020-02-18 10:31:33,INFO,System,Security,Low,Log message 149,242.82.11.119,19.20.3.171,AXTzBTprWb,8990,878019,Error,System,Reading,User Activity,Guest,7,Process 149,Event 149,None,1034,Viewing
2023-12-01 20:30:46,INFO,System,Activity,Low,Log message 150,81.68.160.244,77.71.204.122,GYPFOf,1870,684101,Normal,System,Writing,Disk,Administrator,51,Process 150,Event 150,RuntimeError,1068,Analyzing
2022-02-27 13:45:32,WARNING,Application,Security,Medium,Log message 151,239.173.78.126,226.113.69.80,rXrETWz,-,430238,Normal,System,Processing,Database,User,13,Process 151,Event 151,RuntimeError,1551,Editing
2023-07-06 09:03:50,ERROR,Application,Error,High,Log message 152,169.99.17.63,112.27.54.5,NzjDhYGu,5388,619250,Normal,System,Analyzing,Disk,Administrator,53,Process 152,Event 152,None,2057,Deleting
2021-10-16 18:17:38,DEBUG,System,Error,Low,Log message 153,104.74.206.41,181.84.98.94,rWWlfPpmmk,-,180093,Normal,Application,Analyzing,Disk,Guest,59,Process 153,Event 153,TypeError,1660,Editing
2023-01-21 11:12:24,ERROR,Application,Security,High,Log message 154,211.116.95.117,67.12.30.192,QFxikzFDfM,-,-,Normal,Server,Processing,Database,Administrator,26,Process 154,Event 154,None,432,Editing
2024-02-01 12:21:14,ERROR,Server,Security,Medium,Log message 155,65.80.124.178,131.87.126.182,YDnqV,7337,411053,Normal,Application,Analyzing,Database,User,20,Process 155,Event 155,None,553,Editing
2021-02-21 23:44:33,INFO,Server,Activity,High,Log message 156,110.223.240.38,144.20.232.116,IzzTHczZGn,9345,-,Normal,System,Analyzing,User Activity,Administrator,63,Process 156,Event 156,RuntimeError,3309,Deleting
2022-06-24 12:54:33,INFO,System,Activity,Low,Log message 157,153.228.132.194,234.248.229.35,oLkTEw,4266,436351,Normal,Server,Writing,Database,Administrator,7,Process 157,Event 157,None,0,Analyzing
2024-09-24 12:04:30,WARNING,System,Activity,Medium,Log message 158,232.113.64.247,228.53.247.99,lPrHaRFKtq,-,-,Normal,Application,Analyzing,Database,Administrator,34,Process 158,Event 158,None,688,Editing
2022-01-28 03:53:09,INFO,System,Activity,Low,Log message 159,116.143.70.137,221.57.149.109,XOFYeEU,-,-,Normal,Application,Writing,User Activity,Guest,49,Process 159,Event 159,None,0,Viewing
2022-01-02 10:42:16,ERROR,Application,Activity,High,Log message 160,38.252.209.71,242.166.123.150,aaXLlxShb,6690,872321,Normal,Server,Processing,Network,User,52,Process 160,Event 160,None,2249,Editing
2022-10-15 23:21:15,INFO,System,Error,High,Log message 161,80.101.159.62,206.53.18.147,DdmpqhtNJ,1354,296167,Error,System,Reading,User Activity,Administrator,76,Process 161,Event 161,None,0,Deleting
2022-08-28 19:54:32,ERROR,Application,Activity,Medium,Log message 162,143.113.230.86,228.84.189.38,wicVsWFmlw,-,-,Normal,Application,Reading,Disk,Guest,19,Process 162,Event 162,None,532,Editing
2021-12-17 08:41:27,ERROR,System,Security,Medium,Log message 163,114.125.185.140,71.154.131.224,BLlEx,4752,289905,Error,Application,Writing,Disk,User,12,Process 163,Event 163,None,1694,Deleting
2020-06-27 08:29:10,INFO,Server,Security,High,Log message 164,87.183.120.245,129.69.86.44,EdKUy,7288,905250,Normal,Server,Reading,Disk,Guest,7,Process 164,Event 164,TypeError,0,Viewing
2024-03-26 01:04:39,DEBUG,System,Security,Medium,Log message 165,159.191.48.75,53.111.86.165,QVkxhrDTeE,-,-,Normal,System,Writing,Network,Guest,15,Process 165,Event 165,None,1670,Deleting
2022-09-09 17:54:22,ERROR,System,Security,Low,Log message 166,205.226.9.187,186.137.169.92,MIHlM,4166,773318,Normal,Server,Writing,Disk,User,97,Process 166,Event 166,RuntimeError,0,Editing
2022-10-20 22:07:32,WARNING,Application,Error,Low,Log message 167,162.239.100.113,97.71.194.209,yMmmscEcLq,4398,855540,Normal,System,Processing,User Activity,Administrator,65,Process 167,Event 167,None,1331,Editing
2021-11-02 23:03:39,WARNING,System,Activity,Medium,Log message 168,245.207.17.59,130.36.156.188,AJBxMD,5713,467435,Normal,Server,Writing,Network,User,81,Process 168,Event 168,None,0,Editing
2022-12-20 14:00:31,DEBUG,Application,Activity,Low,Log message 169,181.149.137.217,224.166.211.97,fmStRhlTN,7529,714375,Error,Server,Reading,Disk,User,26,Process 169,Event 169,None,17,Deleting
2023-05-10 07:05:39,ERROR,Application,Error,Low,Log message 170,116.250.34.181,132.105.73.89,oeBaQiXPb,-,-,Normal,System,Writing,User Activity,User,88,Process 170,Event 170,None,0,Viewing
2020-07-10 06:34:16,INFO,System,Activity,Medium,Log message 171,112.46.102.101,165.131.158.136,xPsfp,5344,714227,Normal,Application,Reading,User Activity,Guest,3,Process 171,Event 171,None,1692,Editing
2020-06-09 23:00:56,INFO,Application,Activity,Low,Log message 172,79.198.135.251,138.62.89.6,VMPiocO,-,-,Normal,Application,Analyzing,Disk,User,97,Process 172,Event 172,None,3512,Analyzing
2022-04-02 18:16:54,INFO,Application,Error,High,Log message 173,209.24.11.47,78.104.137.212,jGxKZxw,4433,176850,Error,Server,Processing,Disk,Guest,58,Process 173,Event 173,SyntaxError,0,Analyzing
2024-01-25 06:12:38,DEBUG,Server,Activity,Medium,Log message 174,4.38.192.168,238.63.154.242,HIuzKelko,1351,756290,Error,Server,Analyzing,Network,User,60,Process 174,Event 174,None,2069,Viewing
2024-02-19 11:51:32,INFO,System,Error,High,Log message 175,203.167.106.135,211.27.194.36,GFDuCAMpJL,-,-,Error,System,Processing,Database,Guest,53,Process 175,Event 175,None,812,Analyzing
2020-08-28 19:49:51,INFO,Application,Security,Medium,Log message 176,143.81.188.73,117.130.114.229,UtwngerAH,-,272399,Normal,System,Reading,Database,User,62,Process 176,Event 176,TypeError,1205,Analyzing
2022-02-14 08:33:28,WARNING,System,Security,Low,Log message 177,91.131.34.152,247.193.30.144,nxvSHFtm,-,428954,Normal,Server,Analyzing,User Activity,User,51,Process 177,Event 177,RuntimeError,1099,Editing
2023-05-11 08:31:08,DEBUG,Server,Activity,Low,Log message 178,58.101.117.41,171.154.127.48,riKzCsci,-,341687,Normal,Server,Processing,Network,User,2,Process 178,Event 178,RuntimeError,0,Editing
2023-08-15 14:29:50,INFO,Application,Error,High,Log message 179,49.214.69.132,48.131.105.29,SDOGwwNAHD,3299,273347,Normal,System,Processing,Disk,Guest,36,Process 179,Event 179,None,0,Editing
2023-08-09 18:17:16,DEBUG,System,Security,Medium,Log message 180,21.225.188.161,223.51.2.152,WidUSdez,-,-,Error,System,Reading,Disk,Administrator,88,Process 180,Event 180,SyntaxError,0,Viewing
2022-11-04 14:41:49,DEBUG,Server,Activity,Low,Log message 181,168.52.154.13,99.205.198.253,YpNmJBpEj,3481,252223,Normal,System,Writing,User Activity,Administrator,68,Process 181,Event 181,ValueError,2732,Deleting
2023-07-06 20:26:49,INFO,System,Activity,High,Log message 182,120.71.38.172,247.234.214.138,XEOzxZ,-,184771,Normal,Application,Writing,Network,User,70,Process 182,Event 182,None,2092,Editing
2020-12-12 14:04:17,INFO,Server,Error,High,Log message 183,33.147.190.215,150.80.181.93,AGJvmQnH,-,-,Error,System,Writing,Network,User,72,Process 183,Event 183,None,3021,Editing
2023-12-10 11:38:53,ERROR,System,Security,Medium,Log message 184,135.18.152.6,200.108.92.86,mvhLo,-,515286,Normal,System,Writing,Network,User,7,Process 184,Event 184,None,0,Analyzing
2023-01-18 09:00:48,ERROR,Server,Activity,Medium,Log message 185,228.7.26.210,68.19.118.104,HugzM,-,374048,Normal,Application,Writing,Disk,Guest,34,Process 185,Event 185,None,1885,Editing
2024-11-28 16:20:59,WARNING,Application,Security,High,Log message 186,231.156.19.233,210.235.43.143,OEzYRGePy,2087,-,Normal,System,Writing,Database,Administrator,89,Process 186,Event 186,TypeError,1363,Deleting
2024-01-12 02:22:11,WARNING,Application,Security,Low,Log message 187,156.211.71.38,47.86.50.211,cciytFlxw,7023,-,Error,Server,Writing,Disk,Administrator,95,Process 187,Event 187,None,0,Viewing
2022-12-26 05:41:19,WARNING,Application,Error,Medium,Log message 188,226.231.140.172,205.55.102.149,ieNBekuWix,2782,-,Normal,Application,Writing,Network,Administrator,11,Process 188,Event 188,ValueError,2899,Editing
2021-11-03 21:03:04,INFO,System,Error,High,Log message 189,251.207.242.229,170.119.14.166,qcLfZMsqgl,-,292330,Normal,Server,Writing,Disk,Administrator,14,Process 189,Event 189,None,0,Editing
2023-10-18 00:26:41,DEBUG,Application,Activity,Medium,Log message 190,158.133.204.57,69.120.216.47,lKYlmSk,2627,-,Normal,Application,Processing,User Activity,Guest,47,Process 190,Event 190,None,0,Viewing
2022-04-02 03:36:33,WARNING,Application,Security,Medium,Log message 191,51.137.42.101,70.244.141.9,DsYIEuoPs,4061,199472,Normal,System,Writing,Disk,Guest,40,Process 191,Event 191,None,2476,Viewing
2021-01-22 13:47:34,DEBUG,Server,Activity,Low,Log message 192,162.108.93.18,140.99.247.56,TQhzEHTDl,1784,-,Normal,Application,Reading,Disk,Administrator,18,Process 192,Event 192,RuntimeError,0,Viewing
2023-02-26 19:47:27,DEBUG,Application,Activity,Low,Log message 193,144.221.46.14,140.148.55.25,DHxhDReRLe,-,437080,Normal,Application,Reading,User Activity,Administrator,47,Process 193,Event 193,None,0,Deleting
2022-02-04 17:24:02,WARNING,System,Security,Low,Log message 194,171.1.171.215,211.65.209.60,VPCCm,2663,146145,Normal,Server,Writing,Disk,User,9,Process 194,Event 194,None,0,Editing
2022-05-25 06:04:19,WARNING,Server,Activity,Low,Log message 195,156.132.196.45,188.245.14.108,cUbwYxWCm,-,819177,Error,Server,Processing,Network,User,73,Process 195,Event 195,None,1664,Editing
2021-05-26 22:58:00,WARNING,Application,Error,Medium,Log message 196,189.96.201.251,96.89.156.47,VuUfJerK,-,583767,Error,Application,Processing,Database,Guest,37,Process 196,Event 196,None,0,Viewing
2024-06-28 09:57:20,INFO,Application,Error,High,Log message 197,71.196.149.43,94.37.56.237,eCWfApkZF,-,333374,Normal,System,Analyzing,Disk,User,85,Process 197,Event 197,None,157,Analyzing
2021-07-05 13:11:41,DEBUG,System,Security,High,Log message 198,179.119.166.237,55.5.133.133,ECLUgGdaQd,6960,750547,Error,Application,Processing,User Activity,Guest,26,Process 198,Event 198,None,634,Editing
2020-04-19 23:16:38,INFO,System,Error,Low,Log message 199,175.27.245.26,243.190.174.29,kkDUAmM,-,-,Normal,Server,Reading,User Activity,Administrator,46,Process 199,Event 199,None,3157,Analyzing
2021-04-15 21:36:11,INFO,Server,Security,Low,Log message 200,9.147.135.28,162.197.63.225,OiceE,3621,-,Normal,Application,Analyzing,User Activity,User,92,Process 200,Event 200,SyntaxError,2596,Analyzing
2023-07-09 15:48:29,INFO,Server,Activity,Low,Log message 201,189.201.16.216,47.250.199.87,oYGqOT,2261,-,Error,System,Processing,Database,User,71,Process 201,Event 201,None,1076,Deleting
2020-05-22 15:02:07,INFO,Server,Activity,High,Log message 202,206.67.230.220,214.72.137.29,fGvbIMXEr,1338,873037,Normal,Application,Writing,User Activity,User,19,Process 202,Event 202,ValueError,703,Viewing
2020-09-02 09:49:54,WARNING,Application,Error,High,Log message 203,206.245.184.147,94.85.103.242,WAaFXMbGWE,2107,265176,Normal,Server,Analyzing,Database,Guest,52,Process 203,Event 203,None,1589,Viewing
2024-07-09 09:37:57,DEBUG,Application,Error,Low,Log message 204,83.89.169.228,75.91.154.210,LVzpweDji,9392,901353,Normal,System,Reading,Network,User,68,Process 204,Event 204,None,814,Viewing
2021-12-20 08:23:20,INFO,System,Security,Low,Log message 205,208.217.18.99,222.143.97.97,XLIFVK,1078,218832,Error,Application,Processing,Network,Guest,35,Process 205,Event 205,SyntaxError,3382,Deleting
2023-01-25 23:31:46,INFO,Application,Security,Low,Log message 206,131.181.119.40,246.74.139.125,srwKPdJa,-,133659,Error,Server,Reading,User Activity,User,68,Process 206,Event 206,None,2712,Viewing
2022-04-01 02:18:35,INFO,Application,Security,High,Log message 207,70.109.13.8,185.217.111.191,yyyYCenNH,7830,707588,Error,System,Writing,Disk,User,53,Process 207,Event 207,None,0,Deleting
2020-05-14 16:31:48,INFO,Application,Error,Low,Log message 208,182.17.75.190,205.95.222.198,aLVZE,3738,-,Normal,Server,Analyzing,User Activity,User,17,Process 208,Event 208,ValueError,3410,Analyzing
2022-07-26 07:59:42,WARNING,System,Error,High,Log message 209,75.38.83.92,116.214.46.173,UbSlOsCJ,-,426337,Normal,Application,Analyzing,User Activity,Guest,44,Process 209,Event 209,ValueError,2827,Viewing
2020-10-12 14:31:37,ERROR,Application,Activity,High,Log message 210,43.231.219.242,218.36.44.178,SVktjABn,-,420503,Normal,Server,Analyzing,Network,Guest,30,Process 210,Event 210,None,134,Analyzing
2021-05-10 05:23:24,INFO,Server,Error,Medium,Log message 211,20.68.94.255,93.246.53.121,LyENLnKwGK,5066,134619,Normal,Application,Writing,Network,Guest,44,Process 211,Event 211,None,2750,Analyzing
2022-04-27 12:38:33,DEBUG,Server,Security,Low,Log message 212,209.74.201.55,205.160.40.69,QDulqRBPvg,-,187949,Normal,Server,Reading,Database,Guest,48,Process 212,Event 212,None,3528,Analyzing
2022-07-25 11:54:40,DEBUG,System,Error,High,Log message 213,250.114.179.241,210.135.132.140,ZRFkDtdM,4997,214034,Normal,System,Reading,Database,User,71,Process 213,Event 213,None,466,Editing
2024-08-02 16:03:43,INFO,Server,Security,Medium,Log message 214,188.78.175.150,37.178.34.96,PqUCWjH,3658,-,Normal,Server,Processing,Disk,User,89,Process 214,Event 214,None,0,Analyzing
2022-06-28 06:46:42,INFO,System,Activity,High,Log message 215,56.69.91.207,10.39.94.207,wDFmWCH,-,239595,Error,Server,Reading,Network,Administrator,34,Process 215,Event 215,None,1544,Analyzing
2022-05-26 12:09:04,WARNING,Server,Error,Medium,Log message 216,225.100.65.140,6.95.64.134,QFvfXVws,5494,-,Normal,System,Writing,Network,User,47,Process 216,Event 216,None,385,Viewing
2020-09-05 03:41:04,DEBUG,Server,Security,High,Log message 217,54.109.154.91,25.136.152.194,Agvaj,-,-,Normal,Application,Analyzing,Disk,Administrator,27,Process 217,Event 217,None,0,Analyzing
2020-07-06 10:35:29,WARNING,Server,Error,Medium,Log message 218,161.220.192.197,181.87.91.96,DyaDxvnyvv,-,303499,Normal,Application,Analyzing,Disk,Guest,21,Process 218,Event 218,RuntimeError,0,Editing
2023-10-24 08:25:21,DEBUG,Server,Security,Medium,Log message 219,254.125.178.133,63.143.36.105,WcHDvQykfP,-,-,Normal,Server,Processing,User Activity,Administrator,10,Process 219,Event 219,None,0,Editing
2024-04-10 09:00:18,DEBUG,Application,Activity,Medium,Log message 220,87.69.30.61,64.8.249.16,Njfho,-,159979,Normal,Application,Analyzing,Database,Guest,71,Process 220,Event 220,TypeError,916,Editing
2023-02-13 00:01:49,INFO,Server,Activity,High,Log message 221,107.214.95.227,249.246.237.174,woYArHGK,-,-,Normal,Application,Analyzing,Disk,User,69,Process 221,Event 221,None,0,Deleting
2024-04-14 00:35:01,ERROR,System,Security,Low,Log message 222,59.18.240.188,220.191.132.214,vXCTLQG,1776,967043,Error,Server,Writing,User Activity,User,52,Process 222,Event 222,ValueError,0,Deleting
2022-10-05 23:09:31,INFO,Server,Error,Low,Log message 223,149.140.68.143,123.84.188.107,dzONYOhp,1282,266377,Normal,Server,Processing,Disk,Administrator,76,Process 223,Event 223,None,0,Analyzing
2023-03-11 14:16:02,DEBUG,Application,Security,Medium,Log message 224,25.245.183.105,82.9.152.142,pjegBzge,-,627167,Normal,Application,Writing,Database,Guest,11,Process 224,Event 224,None,0,Viewing
2020-12-04 07:04:56,DEBUG,Server,Security,Medium,Log message 225,116.125.194.115,205.254.45.50,acBKKhr,-,162366,Normal,System,Reading,Database,User,48,Process 225,Event 225,None,1121,Viewing
2022-10-17 10:53:42,ERROR,Application,Activity,Medium,Log message 226,210.163.196.47,128.16.28.10,Vchof,1817,181608,Normal,Application,Reading,User Activity,Administrator,13,Process 226,Event 226,None,2537,Viewing
2020-03-18 21:52:23,DEBUG,Application,Error,High,Log message 227,137.66.84.105,248.76.23.150,BNCOp,-,424735,Error,Server,Analyzing,Disk,Guest,100,Process 227,Event 227,ValueError,0,Analyzing
2020-08-19 01:16:00,WARNING,Server,Activity,Medium,Log message 228,177.255.88.55,17.65.94.217,WNPEo,5702,433873,Normal,Server,Writing,User Activity,User,55,Process 228,Event 228,ValueError,0,Viewing
2020-10-09 11:38:24,ERROR,System,Security,Low,Log message 229,6.105.66.89,177.230.92.195,ZdHHkjETrP,-,372801,Normal,Application,Reading,Disk,Guest,60,Process 229,Event 229,None,216,Viewing
2020-07-18 10:04:59,DEBUG,Application,Security,High,Log message 230,254.243.160.241,110.149.124.73,hdaYbfGXCR,9175,525522,Normal,Application,Analyzing,Network,User,18,Process 230,Event 230,None,0,Editing
2020-09-26 23:28:34,INFO,Server,Security,Low,Log message 231,67.142.158.18,100.55.61.66,nRCCqQ,-,-,Normal,Server,Analyzing,User Activity,Administrator,17,Process 231,Event 231,None,2840,Viewing
2021-02-18 21:49:01,INFO,Application,Security,Low,Log message 232,169.221.238.246,26.68.174.211,atXjAU,-,672517,Normal,Server,Analyzing,Network,Administrator,23,Process 232,Event 232,RuntimeError,342,Editing
2021-02-04 08:55:18,WARNING,System,Security,Medium,Log message 233,116.28.189.115,7.120.220.81,OWpxXL,-,-,Normal,Application,Processing,Network,Guest,72,Process 233,Event 233,None,1414,Editing
2022-01-25 20:28:47,WARNING,System,Error,High,Log message 234,201.195.160.148,162.224.156.242,BIpVwjn,-,767310,Normal,System,Analyzing,Network,User,65,Process 234,Event 234,None,1128,Viewing
2024-10-11 01:20:52,ERROR,System,Security,Low,Log message 235,75.252.158.66,238.222.45.98,frpJbzuIxP,-,220338,Normal,System,Analyzing,Disk,Guest,86,Process 235,Event 235,TypeError,1369,Deleting
2023-05-04 21:20:09,ERROR,Application,Activity,Low,Log message 236,123.111.30.108,130.68.76.123,kFhvZRvlnE,6135,370074,Normal,Server,Reading,User Activity,Guest,99,Process 236,Event 236,None,2488,Editing
2024-04-12 06:48:06,INFO,Server,Error,Low,Log message 237,0.136.89.47,29.128.45.192,RSgOsqu,-,-,Normal,Server,Analyzing,User Activity,User,93,Process 237,Event 237,SyntaxError,2960,Editing
2022-09-07 15:08:19,DEBUG,Application,Security,Low,Log message 238,208.135.39.48,150.102.238.235,uANOW,-,-,Normal,System,Analyzing,Disk,Administrator,61,Process 238,Event 238,None,0,Deleting
2024-06-13 01:28:00,DEBUG,Application,Activity,Medium,Log message 239,61.92.128.107,9.0.69.73,aryrNffZal,2934,-,Normal,Server,Writing,User Activity,Guest,45,Process 239,Event 239,SyntaxError,2445,Deleting
2020-09-27 11:39:26,DEBUG,System,Activity,Medium,Log message 240,63.28.217.8,115.94.210.18,fAdsmZmaQ,6866,-,Normal,System,Writing,User Activity,Guest,50,Process 240,Event 240,RuntimeError,0,Deleting
2021-05-28 13:59:49,DEBUG,Application,Security,Low,Log message 241,217.144.171.165,160.219.253.209,YfYpwWgpJQ,-,403526,Error,System,Reading,User Activity,Administrator,36,Process 241,Event 241,None,0,Viewing
2021-05-16 13:43:27,DEBUG,System,Error,Low,Log message 242,144.80.120.31,5.239.110.37,nQauhVkZZ,-,124642,Error,Server,Analyzing,User Activity,Guest,60,Process 242,Event 242,None,0,Viewing
2023-03-27 15:54:23,INFO,Application,Security,Low,Log message 243,185.109.211.119,175.38.89.35,zhKFKAdbfl,2642,790060,Normal,Application,Reading,Disk,Administrator,58,Process 243,Event 243,TypeError,1712,Viewing
2023-05-13 23:20:16,WARNING,Application,Activity,Low,Log message 244,148.206.195.173,156.125.244.39,cneag,-,117350,Normal,Application,Processing,User Activity,Administrator,32,Process 244,Event 244,ValueError,2914,Editing
2024-09-13 23:02:18,DEBUG,Server,Activity,Medium,Log message 245,97.116.39.162,25.241.22.109,XdRAxnxU,-,-,Normal,System,Analyzing,Network,User,70,Process 245,Event 245,RuntimeError,0,Analyzing
2021-07-12 07:56:52,INFO,Application,Error,Low,Log message 246,8.239.38.164,254.161.97.109,yWidwBqjH,-,185914,Normal,Server,Writing,Database,Administrator,58,Process 246,Event 246,ValueError,0,Analyzing
2021-08-16 08:29:00,WARNING,Server,Error,Medium,Log message 247,224.50.216.160,0.167.12.115,nCGHWQvEIZ,-,816405,Normal,Server,Writing,Disk,Guest,25,Process 247,Event 247,SyntaxError,1126,Viewing
2020-11-11 16:59:25,INFO,Application,Security,Low,Log message 248,2.71.35.197,188.158.241.254,VALYNgI,3882,670443,Normal,System,Reading,Network,Guest,31,Process 248,Event 248,None,2831,Editing
2020-06-19 00:15:10,INFO,Application,Security,High,Log message 249,232.173.51.164,10.189.209.51,ZkSaO,5628,379309,Error,Application,Processing,Database,Administrator,17,Process 249,Event 249,None,0,Deleting
2022-04-02 17:16:20,WARNING,System,Security,Low,Log message 250,72.162.86.238,187.243.55.190,BbkLmMHyK,-,-,Normal,Server,Processing,Disk,Guest,79,Process 250,Event 250,None,0,Editing
2024-01-08 17:50:43,ERROR,System,Security,Low,Log message 251,135.207.220.110,0.46.52.249,UtLTNYTalL,3763,969456,Normal,System,Writing,User Activity,Guest,55,Process 251,Event 251,ValueError,2557,Analyzing
2024-02-02 12:19:07,INFO,Server,Activity,High,Log message 252,39.168.108.186,214.61.194.201,tSArAeMH,-,-,Normal,System,Reading,Disk,User,94,Process 252,Event 252,None,245,Analyzing
2023-08-08 09:07:44,ERROR,Application,Activity,Low,Log message 253,13.173.101.247,108.123.46.50,XquQFIH,-,446066,Normal,Server,Processing,Database,Guest,78,Process 253,Event 253,None,0,Viewing
2021-12-27 14:08:29,INFO,System,Activity,High,Log message 254,65.233.111.209,3.188.146.30,FgFBCEmzwg,9940,134486,Normal,System,Reading,Database,Administrator,97,Process 254,Event 254,None,681,Deleting
2021-12-26 06:32:06,INFO,Server,Security,High,Log message 255,12.140.34.224,7.80.111.159,jnIFdfqV,7848,112149,Normal,System,Writing,User Activity,User,39,Process 255,Event 255,None,103,Viewing
2021-06-14 07:59:09,DEBUG,System,Activity,Medium,Log message 256,117.175.11.197,246.116.8.182,djsYMYBgzF,3063,756901,Normal,Server,Processing,User Activity,User,1,Process 256,Event 256,None,1974,Analyzing
2022-03-22 06:42:46,INFO,Server,Error,Medium,Log message 257,155.20.148.39,217.127.144.194,hhSKFTYocQ,-,806195,Error,Application,Reading,User Activity,Guest,88,Process 257,Event 257,None,0,Analyzing
2024-05-27 09:45:16,ERROR,Application,Security,Low,Log message 258,242.220.138.5,113.247.184.59,kXOWASzOBO,4627,-,Error,System,Analyzing,Database,Guest,25,Process 258,Event 258,TypeError,2946,Deleting
2024-07-22 23:41:04,WARNING,Server,Activity,Low,Log message 259,192.237.217.28,195.126.60.221,nxJyliayjG,-,529321,Normal,Application,Processing,User Activity,Guest,97,Process 259,Event 259,ValueError,0,Editing
2024-09-06 18:27:41,ERROR,Server,Security,Medium,Log message 260,193.188.28.97,51.204.69.253,hyzjR,8203,128319,Error,Server,Reading,Network,Guest,4,Process 260,Event 260,TypeError,0,Deleting
2023-01-26 01:45:48,ERROR,Server,Security,Low,Log message 261,68.228.2.172,98.125.239.104,ydFzVXSqj,-,518298,Normal,Server,Reading,Network,Administrator,27,Process 261,Event 261,None,0,Editing
2022-06-06 01:47:08,INFO,System,Error,Medium,Log message 262,192.159.213.83,5.111.208.85,AqfKYdi,3487,472722,Normal,System,Processing,Database,Administrator,91,Process 262,Event 262,None,1754,Viewing
2024-11-19 06:33:26,ERROR,Server,Error,Medium,Log message 263,218.34.99.169,172.49.165.4,SGBjm,-,302261,Normal,System,Writing,Disk,Administrator,66,Process 263,Event 263,None,0,Deleting
2021-09-20 21:05:04,ERROR,System,Activity,Medium,Log message 264,43.85.44.74,156.207.147.177,TaCSg,-,737270,Normal,Application,Processing,Database,User,4,Process 264,Event 264,None,459,Viewing
2021-11-27 06:42:13,DEBUG,System,Security,Medium,Log message 265,212.141.74.185,126.80.39.49,QmzsMTnnQQ,8904,311739,Error,System,Analyzing,User Activity,Administrator,65,Process 265,Event 265,None,0,Editing
2024-02-08 10:02:31,DEBUG,Server,Security,High,Log message 266,237.56.24.251,95.26.195.195,AeBlwXOqxJ,5205,589210,Normal,Server,Reading,Network,Administrator,27,Process 266,Event 266,RuntimeError,0,Editing
2021-02-19 20:59:06,INFO,Server,Error,High,Log message 267,144.197.16.205,212.248.22.240,DwxRanla,8999,632343,Normal,System,Reading,Database,User,36,Process 267,Event 267,SyntaxError,2220,Deleting
2023-05-23 15:34:35,ERROR,Application,Error,High,Log message 268,164.207.185.175,119.158.166.234,IDgVfHxf,-,433380,Normal,Server,Reading,Network,Guest,97,Process 268,Event 268,None,1418,Editing
2020-03-18 16:00:01,ERROR,System,Error,High,Log message 269,111.220.56.251,236.195.237.41,QufORzAugc,1608,613453,Normal,Application,Reading,Network,Administrator,20,Process 269,Event 269,None,0,Viewing
2024-12-18 01:36:52,DEBUG,Server,Activity,Medium,Log message 270,36.243.32.204,9.115.208.180,JgaNSTYTNR,7742,-,Normal,Application,Reading,Disk,User,17,Process 270,Event 270,SyntaxError,0,Editing
2023-03-10 18:42:38,DEBUG,System,Activity,High,Log message 271,65.77.190.205,92.158.33.186,melvQiVM,4467,285200,Normal,Server,Reading,Disk,Administrator,39,Process 271,Event 271,None,0,Viewing
2022-07-08 15:32:44,DEBUG,System,Activity,Medium,Log message 272,204.0.38.166,117.34.141.234,RppbBCvlrm,-,827422,Normal,Application,Reading,User Activity,Guest,24,Process 272,Event 272,None,1770,Editing
2023-09-02 01:05:08,INFO,Server,Error,High,Log message 273,76.225.152.57,76.23.117.64,KrUUIUxcDw,-,836066,Normal,System,Reading,Disk,Administrator,81,Process 273,Event 273,None,1838,Analyzing
2022-02-23 08:31:41,ERROR,System,Security,High,Log message 274,177.161.80.80,178.179.15.125,MHAQXKAv,-,855760,Normal,Server,Reading,Disk,Guest,78,Process 274,Event 274,None,0,Deleting
2020-10-16 18:52:56,WARNING,Server,Error,Medium,Log message 275,53.179.14.40,8.120.130.146,eVniDc,-,135689,Normal,Application,Analyzing,Disk,Administrator,15,Process 275,Event 275,None,0,Deleting
2021-08-26 21:17:10,ERROR,Server,Activity,Medium,Log message 276,248.113.107.218,219.125.241.130,wxXbCbS,-,167087,Normal,Server,Writing,Network,Guest,83,Process 276,Event 276,None,772,Analyzing
2022-04-17 04:53:33,INFO,Server,Activity,Low,Log message 277,167.194.80.25,240.102.108.119,ekBhHiNQoG,5839,255911,Normal,Application,Analyzing,Database,Administrator,58,Process 277,Event 277,None,1366,Viewing
2024-04-27 18:01:33,DEBUG,Application,Error,Medium,Log message 278,220.77.199.121,195.75.23.12,sJSyOJg,-,-,Normal,Application,Writing,Database,Guest,77,Process 278,Event 278,None,0,Deleting
2022-10-07 09:10:29,WARNING,Server,Error,High,Log message 279,95.94.77.228,132.55.204.5,rGWOjki,-,400081,Normal,Application,Writing,User Activity,User,37,Process 279,Event 279,SyntaxError,1681,Deleting
2022-10-02 18:34:12,WARNING,Server,Error,Medium,Log message 280,10.70.12.64,243.177.225.70,PhfNo,-,674577,Normal,Server,Processing,Network,Guest,18,Process 280,Event 280,None,795,Editing
2021-12-22 19:59:03,DEBUG,System,Error,Medium,Log message 281,81.17.149.159,204.244.199.25,yAFDxysz,6185,952378,Normal,Application,Reading,Network,Guest,100,Process 281,Event 281,None,3017,Viewing
2022-04-18 09:56:45,ERROR,System,Activity,High,Log message 282,179.22.198.203,9.137.24.17,dfBWPS,8897,904401,Normal,Server,Processing,User Activity,User,69,Process 282,Event 282,None,2227,Editing
2022-08-16 09:36:09,WARNING,Application,Error,High,Log message 283,36.104.124.104,16.123.179.37,KlBQREtFor,-,816976,Normal,System,Reading,User Activity,Administrator,23,Process 283,Event 283,SyntaxError,0,Viewing
2023-07-15 15:06:10,ERROR,Application,Error,High,Log message 284,36.202.243.235,175.54.107.151,ODOIhRpt,-,792596,Normal,System,Processing,User Activity,User,72,Process 284,Event 284,None,0,Deleting
2020-11-06 08:36:44,DEBUG,Server,Activity,Low,Log message 285,46.121.88.110,59.40.28.49,gyfzMTRY,-,642529,Normal,Server,Writing,User Activity,Guest,19,Process 285,Event 285,SyntaxError,0,Viewing
2022-03-02 10:09:44,DEBUG,Application,Error,Medium,Log message 286,103.124.51.140,197.226.177.200,nQFszeFjh,-,-,Normal,Application,Reading,User Activity,Guest,34,Process 286,Event 286,None,2785,Editing
2023-01-20 06:30:15,DEBUG,System,Security,High,Log message 287,156.141.206.144,226.110.81.135,wFUlky,6009,763075,Normal,Application,Reading,Database,Guest,7,Process 287,Event 287,None,3171,Editing
2021-02-10 20:24:03,INFO,Server,Activity,Medium,Log message 288,4.78.112.137,71.233.226.218,pFMRtHx,5554,771649,Normal,Server,Processing,Database,Administrator,91,Process 288,Event 288,None,0,Analyzing
2020-10-14 14:33:07,ERROR,Server,Activity,High,Log message 289,208.219.218.151,226.31.3.59,oWYPj,4903,834434,Normal,Server,Writing,User Activity,User,52,Process 289,Event 289,None,0,Editing
2021-04-08 01:39:38,DEBUG,System,Activity,Low,Log message 290,131.121.89.44,6.6.192.144,ofrJnUFIi,-,722472,Normal,System,Writing,User Activity,Administrator,93,Process 290,Event 290,None,2140,Viewing
2023-09-07 12:30:24,WARNING,System,Activity,Medium,Log message 291,68.226.63.252,252.82.169.60,vqfhzIVY,6724,-,Normal,System,Analyzing,Network,Administrator,1,Process 291,Event 291,None,0,Analyzing
2023-04-01 18:34:29,ERROR,Server,Activity,Low,Log message 292,51.51.198.124,54.210.252.218,ogaIvrnr,-,194676,Normal,Application,Processing,Disk,User,11,Process 292,Event 292,None,0,Analyzing
2020-06-20 23:19:12,DEBUG,Server,Security,Low,Log message 293,99.8.22.12,117.64.70.110,NBZFO,-,123716,Normal,Application,Analyzing,User Activity,User,74,Process 293,Event 293,None,1007,Viewing
2021-10-25 23:56:41,DEBUG,Application,Activity,Low,Log message 294,156.29.175.57,108.145.20.19,TWvvrc,-,654908,Error,Server,Processing,Database,Administrator,6,Process 294,Event 294,None,0,Editing
2023-06-13 00:31:58,INFO,System,Error,Medium,Log message 295,54.219.249.83,22.247.99.206,GnlcXf,-,188842,Error,System,Writing,Database,User,35,Process 295,Event 295,RuntimeError,3217,Deleting
2020-04-14 15:49:14,WARNING,Application,Activity,High,Log message 296,120.144.92.236,34.201.77.149,yzAmUvAWQW,3069,901168,Normal,Application,Reading,User Activity,Administrator,46,Process 296,Event 296,None,0,Viewing
2022-11-13 14:03:06,DEBUG,Server,Security,Low,Log message 297,244.22.230.9,217.157.234.94,YusOlZwP,-,412366,Normal,Application,Writing,Network,Administrator,63,Process 297,Event 297,None,0,Analyzing
2023-05-11 13:41:45,ERROR,Server,Error,High,Log message 298,12.97.157.124,67.20.178.94,QbpWDJqiz,-,258315,Normal,System,Reading,Database,Guest,51,Process 298,Event 298,None,3173,Deleting
2020-12-19 05:31:24,INFO,System,Activity,High,Log message 299,253.254.190.160,149.50.117.130,hqeJDRX,5598,921009,Normal,Application,Writing,Database,Administrator,86,Process 299,Event 299,None,0,Deleting
2022-10-13 13:44:48,WARNING,Application,Error,High,Log message 300,218.221.46.81,237.251.185.48,EHzIBl,4955,171015,Normal,System,Processing,Network,User,91,Process 300,Event 300,None,0,Viewing
2024-03-14 00:15:29,INFO,System,Error,Low,Log message 301,148.221.133.162,204.140.128.171,AliOULIh,-,-,Normal,System,Processing,Database,Administrator,8,Process 301,Event 301,None,0,Deleting
2022-12-01 21:31:18,DEBUG,System,Security,Low,Log message 302,167.51.16.97,62.45.7.206,QwbjePOCQu,-,-,Normal,Server,Analyzing,Disk,User,71,Process 302,Event 302,RuntimeError,127,Analyzing
2023-11-04 01:14:50,DEBUG,Application,Security,Low,Log message 303,247.21.132.177,218.46.174.35,lRZrXrK,3515,803496,Normal,Application,Analyzing,Disk,Guest,11,Process 303,Event 303,None,0,Editing
2021-10-09 01:52:08,WARNING,System,Security,Medium,Log message 304,199.124.22.211,0.121.225.104,NNvAAvF,-,194802,Normal,Application,Writing,Disk,User,25,Process 304,Event 304,TypeError,644,Viewing
2023-04-15 05:10:02,DEBUG,System,Error,High,Log message 305,110.142.34.154,2.32.60.213,frIKn,6495,506940,Normal,Application,Writing,Network,Guest,7,Process 305,Event 305,None,0,Editing
2021-05-15 21:08:53,WARNING,System,Security,Medium,Log message 306,144.180.170.155,250.168.22.72,qzcQxlQ,3089,316478,Normal,Server,Reading,User Activity,Guest,2,Process 306,Event 306,None,1764,Editing
2024-10-10 08:46:03,WARNING,System,Activity,High,Log message 307,159.106.163.188,156.247.56.210,mDGEn,-,774082,Normal,System,Processing,User Activity,User,71,Process 307,Event 307,None,3212,Deleting
2022-01-09 15:44:53,DEBUG,Server,Security,Low,Log message 308,37.132.33.57,251.56.184.125,SdPGtzOi,1716,-,Error,Application,Processing,User Activity,Guest,43,Process 308,Event 308,None,0,Editing
2020-08-03 14:44:52,INFO,System,Security,High,Log message 309,168.114.87.76,27.77.138.202,kUtnXUXUej,8029,800270,Normal,System,Processing,User Activity,Administrator,66,Process 309,Event 309,None,0,Deleting
2024-09-09 01:06:49,WARNING,Server,Security,High,Log message 310,222.65.172.173,110.2.90.216,wiAqNY,-,918916,Normal,System,Analyzing,Network,Administrator,48,Process 310,Event 310,TypeError,3329,Editing
2022-08-18 12:34:31,DEBUG,Application,Error,Low,Log message 311,200.156.164.68,122.242.245.29,jfScMFB,-,962519,Normal,Application,Writing,Database,Guest,45,Process 311,Event 311,None,0,Deleting
2023-02-04 12:50:36,DEBUG,System,Activity,Medium,Log message 312,154.106.161.49,101.164.250.237,sJSZHn,-,763291,Normal,Application,Processing,User Activity,Guest,52,Process 312,Event 312,ValueError,2922,Editing
2024-11-12 20:46:15,WARNING,Server,Error,Medium,Log message 313,179.185.57.115,41.100.150.228,QmltsiU,-,-,Normal,Server,Analyzing,Disk,Administrator,10,Process 313,Event 313,SyntaxError,1661,Deleting
2020-01-11 15:34:06,INFO,Server,Security,High,Log message 314,252.180.126.191,114.50.179.65,BGgrUn,5923,-,Normal,Server,Reading,Network,Guest,57,Process 314,Event 314,None,0,Viewing
2023-09-14 16:03:54,DEBUG,Server,Activity,High,Log message 315,20.89.38.64,99.147.99.81,bLKnYReXcs,2297,-,Normal,System,Analyzing,Disk,User,44,Process 315,Event 315,None,3061,Analyzing
2021-03-17 18:52:09,WARNING,System,Security,Medium,Log message 316,160.130.72.38,169.50.38.171,hOObMK,-,-,Normal,Server,Reading,User Activity,User,85,Process 316,Event 316,None,3451,Analyzing
2022-06-10 05:46:36,ERROR,Application,Activity,High,Log message 317,83.141.129.37,127.60.139.199,XYfdB,-,259964,Normal,Application,Processing,User Activity,Guest,17,Process 317,Event 317,None,0,Analyzing
2021-04-24 08:10:35,INFO,System,Activity,Low,Log message 318,101.6.115.131,208.243.2.1,VlOSVDlsH,-,764923,Normal,System,Reading,User Activity,Administrator,38,Process 318,Event 318,None,0,Deleting
2022-04-28 14:55:42,DEBUG,System,Security,Medium,Log message 319,39.92.22.212,224.163.182.52,lPKBYr,-,168783,Normal,Application,Reading,User Activity,Guest,68,Process 319,Event 319,None,2987,Analyzing
2021-10-12 15:28:29,DEBUG,Application,Error,High,Log message 320,74.235.51.149,19.184.217.121,zsCWqpVqw,8547,821799,Normal,Server,Processing,Network,Administrator,66,Process 320,Event 320,SyntaxError,93,Deleting
2020-04-17 23:32:30,ERROR,Server,Activity,Low,Log message 321,134.238.191.23,32.40.150.235,NkFsSST,7240,-,Normal,Server,Reading,Disk,Administrator,64,Process 321,Event 321,ValueError,0,Editing
2021-07-09 19:50:31,DEBUG,Application,Activity,High,Log message 322,45.234.103.225,197.214.166.108,TQBfDuGbK,-,814177,Error,Application,Writing,Network,Administrator,90,Process 322,Event 322,RuntimeError,0,Analyzing
2023-09-01 05:24:05,ERROR,Server,Security,Low,Log message 323,145.95.131.24,10.140.73.150,YbqEsHOdX,7749,429348,Normal,Server,Writing,User Activity,Guest,93,Process 323,Event 323,None,3488,Analyzing
2023-07-27 15:28:28,ERROR,Application,Security,Low,Log message 324,49.132.214.113,167.109.88.92,mWvLUXz,-,571080,Normal,Application,Processing,Network,Guest,100,Process 324,Event 324,None,897,Viewing
2022-08-25 16:50:33,DEBUG,System,Error,Low,Log message 325,182.141.193.204,29.47.206.131,yUGvpGGLD,-,640790,Error,Application,Reading,Disk,Guest,84,Process 325,Event 325,SyntaxError,1999,Editing
2022-03-17 06:40:11,DEBUG,Application,Error,Medium,Log message 326,8.163.250.15,120.232.5.236,cJNHJTU,-,582337,Normal,Server,Analyzing,Disk,Guest,95,Process 326,Event 326,TypeError,0,Editing
2022-01-22 22:40:55,ERROR,Application,Activity,High,Log message 327,221.58.116.249,114.92.196.103,tyepk,-,-,Error,Application,Processing,Disk,Guest,58,Process 327,Event 327,SyntaxError,0,Deleting
2024-05-26 06:35:51,WARNING,Application,Security,Low,Log message 328,30.69.54.165,99.28.84.229,IbkofDC,1522,-,Normal,Server,Writing,Disk,Guest,4,Process 328,Event 328,TypeError,1704,Viewing
2023-07-16 06:28:37,DEBUG,Server,Security,High,Log message 329,36.129.174.150,239.166.76.52,KebPIdo,-,388498,Error,System,Processing,User Activity,Administrator,61,Process 329,Event 329,None,2745,Editing
2020-10-12 08:12:45,ERROR,Server,Error,Low,Log message 330,153.142.180.65,213.236.122.220,IqfMDQ,8717,-,Normal,Server,Processing,Database,User,29,Process 330,Event 330,None,781,Analyzing
2021-12-28 22:50:36,DEBUG,Application,Error,High,Log message 331,35.14.130.184,86.19.213.201,VPczeY,1814,429747,Normal,Application,Processing,Network,Administrator,37,Process 331,Event 331,RuntimeError,0,Viewing
2020-07-13 18:46:10,WARNING,Server,Security,Low,Log message 332,159.155.149.172,16.61.59.39,DvhPUmHv,3857,752732,Normal,Server,Reading,Network,Guest,70,Process 332,Event 332,None,3199,Editing
2022-03-06 07:37:07,WARNING,System,Security,High,Log message 333,187.157.9.56,51.119.57.103,aWtcAkd,-,181225,Normal,Application,Writing,User Activity,User,18,Process 333,Event 333,None,553,Analyzing
2024-02-15 01:30:21,INFO,Application,Activity,Low,Log message 334,85.10.55.250,108.185.27.141,ETzrgPdD,-,-,Normal,System,Processing,Database,Guest,38,Process 334,Event 334,None,0,Viewing
2022-06-05 20:56:24,DEBUG,System,Activity,High,Log message 335,11.132.245.139,201.21.182.158,vEofjZRNT,-,-,Normal,Application,Writing,Database,User,18,Process 335,Event 335,TypeError,2894,Analyzing
2023-08-19 07:09:46,DEBUG,Server,Activity,Low,Log message 336,243.118.220.34,247.147.13.74,FlNRx,3800,-,Normal,System,Writing,Database,Administrator,76,Process 336,Event 336,None,755,Editing
2024-12-21 02:22:29,INFO,Server,Error,Low,Log message 337,149.250.110.121,222.57.157.22,PZfnc,9548,133446,Normal,Server,Processing,Network,Administrator,99,Process 337,Event 337,None,3467,Viewing
2023-06-12 20:38:32,ERROR,Server,Activity,Medium,Log message 338,208.149.255.103,22.156.170.140,LRmHJtcsuG,-,503210,Normal,Server,Analyzing,User Activity,Guest,87,Process 338,Event 338,None,0,Deleting
2022-02-25 11:24:05,ERROR,Application,Security,High,Log message 339,56.6.0.55,177.234.254.149,ZZwMilk,-,-,Normal,Application,Reading,Database,Guest,73,Process 339,Event 339,None,2717,Deleting
2022-05-24 08:28:16,WARNING,Application,Error,Medium,Log message 340,51.193.97.74,136.213.56.194,sGjuoLqs,2680,701010,Normal,Server,Reading,User Activity,Administrator,34,Process 340,Event 340,None,3219,Viewing
2023-03-02 05:09:42,WARNING,System,Error,Low,Log message 341,142.102.90.156,15.122.11.245,RIEwpNuTDV,2912,764005,Normal,Server,Processing,Database,Administrator,43,Process 341,Event 341,None,0,Viewing
2024-02-17 05:02:01,DEBUG,Server,Error,High,Log message 342,75.245.106.136,84.11.49.202,aeqmeL,-,183968,Normal,System,Writing,Network,Administrator,92,Process 342,Event 342,TypeError,0,Deleting
2021-02-10 08:28:20,ERROR,Server,Activity,High,Log message 343,35.105.193.102,34.96.45.208,ncCYGAwYV,7620,865398,Error,Server,Reading,User Activity,User,12,Process 343,Event 343,None,809,Editing
2023-03-21 00:27:17,WARNING,System,Security,Medium,Log message 344,85.146.83.86,218.193.113.82,qBdYSfj,-,-,Normal,Server,Writing,Disk,Guest,47,Process 344,Event 344,None,2239,Analyzing
2023-09-20 18:58:01,INFO,System,Error,High,Log message 345,21.227.144.17,170.73.203.236,lAouOu,-,-,Normal,Application,Processing,Database,Administrator,85,Process 345,Event 345,None,2404,Analyzing
2022-06-20 05:39:12,ERROR,Server,Security,Medium,Log message 346,163.49.137.127,187.15.181.87,kUTClRT,-,121114,Error,Application,Writing,Disk,User,90,Process 346,Event 346,SyntaxError,690,Viewing
2023-04-17 16:55:38,ERROR,System,Error,High,Log message 347,21.244.109.161,57.224.53.173,PtyeKIv,-,-,Normal,Server,Reading,Disk,Administrator,60,Process 347,Event 347,RuntimeError,0,Analyzing
2023-03-17 12:35:55,INFO,System,Security,High,Log message 348,74.153.46.89,48.98.242.176,rtHIhymxpj,-,-,Normal,System,Writing,User Activity,Administrator,66,Process 348,Event 348,None,0,Viewing
2023-10-19 20:32:04,ERROR,Application,Error,Low,Log message 349,84.93.97.226,211.246.107.237,LBqXjEM,-,952148,Normal,System,Reading,Network,Guest,45,Process 349,Event 349,SyntaxError,747,Analyzing
2023-10-20 06:34:03,INFO,Application,Security,High,Log message 350,18.49.25.27,16.140.182.76,CNAkA,-,902600,Normal,System,Writing,Disk,Guest,73,Process 350,Event 350,None,1296,Analyzing
2023-03-21 04:13:29,ERROR,Application,Error,Low,Log message 351,67.68.159.24,206.108.233.86,oohMC,7503,-,Normal,Application,Processing,Disk,Guest,26,Process 351,Event 351,None,2489,Analyzing
2022-04-22 03:42:09,WARNING,System,Security,Medium,Log message 352,140.106.101.192,244.83.159.23,nGcOfAoi,-,-,Normal,Server,Writing,Database,User,36,Process 352,Event 352,TypeError,757,Editing
2020-03-02 00:26:21,WARNING,Server,Error,Medium,Log message 353,241.151.12.87,149.102.27.93,ggxdXvJ,1108,636312,Error,Application,Reading,Network,Administrator,8,Process 353,Event 353,SyntaxError,0,Editing
2021-08-20 10:31:56,ERROR,System,Error,Medium,Log message 354,6.51.149.239,127.30.13.48,RUuOLC,4391,-,Normal,System,Writing,Network,Guest,30,Process 354,Event 354,ValueError,2953,Editing
2024-09-03 18:33:46,DEBUG,Server,Security,Medium,Log message 355,37.64.59.187,255.249.65.191,YjJolHECz,-,-,Normal,Application,Analyzing,Disk,Administrator,60,Process 355,Event 355,ValueError,0,Viewing
2023-11-28 10:53:01,ERROR,Server,Security,Medium,Log message 356,47.158.238.77,48.125.8.236,bAfUVfC,1351,-,Normal,System,Analyzing,Database,Administrator,24,Process 356,Event 356,None,3245,Analyzing
2023-07-24 12:28:37,DEBUG,System,Error,Low,Log message 357,39.137.157.46,3.122.216.105,seLFgiYq,-,578145,Normal,Server,Writing,Disk,User,68,Process 357,Event 357,None,3231,Viewing
2023-09-16 01:30:50,DEBUG,Server,Security,Medium,Log message 358,9.142.33.129,83.48.118.236,tDhEZKKO,-,542691,Error,Server,Processing,Database,Administrator,49,Process 358,Event 358,None,0,Viewing
2022-03-23 13:55:15,WARNING,Server,Security,High,Log message 359,229.142.247.23,114.3.117.193,KmRiskqp,4488,848650,Normal,System,Processing,Database,Administrator,45,Process 359,Event 359,RuntimeError,1918,Deleting
2022-03-04 23:05:02,DEBUG,Application,Error,Medium,Log message 360,157.104.103.22,78.80.63.47,cOWesaU,-,919804,Error,System,Writing,Network,Guest,95,Process 360,Event 360,ValueError,2636,Viewing
2022-03-23 04:17:20,ERROR,Server,Activity,Low,Log message 361,114.24.125.76,56.81.232.194,ZScgYOTKlv,-,590334,Normal,Server,Writing,Database,User,34,Process 361,Event 361,None,706,Deleting
2022-11-20 21:51:25,INFO,Application,Error,High,Log message 362,45.117.125.241,58.208.225.27,iqpfghXbI,-,-,Normal,System,Reading,Database,Administrator,86,Process 362,Event 362,None,0,Deleting
2021-12-25 03:47:27,INFO,System,Activity,High,Log message 363,49.43.178.130,46.235.207.214,pwTDm,-,-,Normal,Server,Analyzing,Disk,User,74,Process 363,Event 363,RuntimeError,2685,Deleting
2020-10-04 03:03:17,ERROR,Server,Error,Low,Log message 364,177.120.52.219,29.131.23.235,pMifgwjI,-,-,Normal,Server,Analyzing,Database,User,29,Process 364,Event 364,None,736,Editing
2023-04-19 06:11:43,WARNING,Server,Activity,Medium,Log message 365,126.146.69.85,7.115.128.120,iZWpE,-,947113,Normal,System,Reading,User Activity,User,6,Process 365,Event 365,None,2061,Analyzing
2021-07-25 18:23:10,DEBUG,Server,Error,Medium,Log message 366,201.30.211.228,162.105.56.109,LZAvkeQ,3734,671040,Normal,Server,Writing,Database,Administrator,11,Process 366,Event 366,None,2202,Analyzing
2020-01-02 12:19:26,INFO,System,Activity,Low,Log message 367,32.146.83.249,84.9.88.209,HFEduroTGV,1666,-,Normal,Application,Analyzing,Database,User,29,Process 367,Event 367,None,222,Viewing
2021-09-28 23:38:09,WARNING,Application,Security,Low,Log message 368,146.213.177.87,147.19.172.69,ubwlYrTxE,8553,-,Normal,Application,Writing,Network,User,73,Process 368,Event 368,RuntimeError,0,Editing
2024-10-17 16:09:26,INFO,Server,Error,High,Log message 369,172.45.139.131,152.65.26.195,XNlSNNNfv,7155,-,Normal,Server,Processing,Network,Guest,63,Process 369,Event 369,None,2211,Viewing
2024-01-10 00:52:30,WARNING,Application,Error,Medium,Log message 370,76.88.157.13,11.43.157.99,mnNErgr,1820,455190,Normal,Application,Writing,User Activity,Administrator,51,Process 370,Event 370,TypeError,0,Analyzing
2020-07-16 22:53:03,DEBUG,System,Error,Low,Log message 371,56.6.4.202,72.5.15.13,CcjghJsIK,1462,499344,Error,Application,Processing,Database,Administrator,3,Process 371,Event 371,None,1551,Editing
2022-04-05 19:17:38,ERROR,Application,Error,Medium,Log message 372,66.150.141.93,205.129.235.189,iPWNPT,2562,309357,Normal,Application,Reading,User Activity,Guest,78,Process 372,Event 372,None,2888,Viewing
2020-12-06 23:16:57,DEBUG,Application,Security,Low,Log message 373,84.64.186.163,67.240.103.235,qftOHg,-,609768,Normal,System,Reading,Database,User,64,Process 373,Event 373,ValueError,0,Deleting
2023-06-13 11:20:49,INFO,System,Security,High,Log message 374,231.91.187.33,90.93.45.160,UUPfaLqhSI,-,-,Error,Application,Processing,Database,User,4,Process 374,Event 374,None,2733,Editing
2024-12-01 15:59:31,DEBUG,System,Error,Medium,Log message 375,121.131.96.163,179.190.50.47,ONuSEwm,-,166993,Normal,Server,Analyzing,User Activity,Administrator,33,Process 375,Event 375,None,1324,Viewing
2022-10-28 15:55:50,WARNING,Server,Error,Low,Log message 376,35.56.176.60,247.134.248.104,LMNhPaAjc,9586,860239,Error,System,Processing,Disk,User,14,Process 376,Event 376,None,2820,Analyzing
2023-01-13 09:00:09,DEBUG,Server,Error,High,Log message 377,223.56.68.135,47.19.62.130,oVFkKhfeBA,7386,259761,Normal,System,Processing,User Activity,User,100,Process 377,Event 377,None,918,Analyzing
2020-10-10 23:07:37,DEBUG,System,Activity,High,Log message 378,136.18.147.171,106.171.204.222,gvEMlv,-,375275,Normal,Server,Reading,User Activity,Guest,88,Process 378,Event 378,SyntaxError,3522,Analyzing
2022-10-05 19:47:54,INFO,System,Activity,Medium,Log message 379,15.170.50.208,154.150.214.66,xqLeUAHH,-,282650,Normal,Server,Writing,User Activity,User,86,Process 379,Event 379,None,0,Viewing
2022-07-01 12:38:48,DEBUG,System,Security,Medium,Log message 380,246.201.219.168,36.105.223.20,dSPpJHEEL,1537,524139,Normal,System,Processing,Disk,Guest,31,Process 380,Event 380,SyntaxError,0,Deleting
2022-11-20 16:31:43,WARNING,Server,Error,Low,Log message 381,94.96.132.189,161.87.220.51,MLCfttKWg,1052,602629,Normal,System,Analyzing,Database,User,37,Process 381,Event 381,TypeError,0,Analyzing
2024-03-06 13:02:28,DEBUG,Server,Error,Medium,Log message 382,194.156.25.88,62.101.233.23,Wrwah,-,370564,Normal,Application,Processing,Network,User,8,Process 382,Event 382,None,0,Analyzing
2022-07-19 00:47:33,INFO,System,Error,Low,Log message 383,139.200.96.31,222.139.65.7,SHQYy,9588,838784,Error,System,Processing,Network,Administrator,18,Process 383,Event 383,None,3154,Deleting
2020-04-08 03:42:20,ERROR,System,Error,High,Log message 384,157.227.91.183,105.101.85.7,CndVUL,-,710862,Normal,System,Reading,Network,Guest,56,Process 384,Event 384,None,0,Analyzing
2020-07-25 02:40:27,DEBUG,System,Error,Low,Log message 385,204.207.62.235,177.214.245.228,zcAzKXnCAp,-,429624,Normal,Server,Writing,Disk,Administrator,32,Process 385,Event 385,None,1689,Editing
2020-10-25 10:14:16,WARNING,System,Error,High,Log message 386,241.233.58.84,33.24.150.174,JqlZokpfTS,-,-,Normal,Server,Processing,Network,Guest,24,Process 386,Event 386,None,0,Deleting
2022-04-05 09:49:23,DEBUG,Server,Security,Low,Log message 387,250.125.170.221,129.53.74.64,vkcOClpTJF,5345,975237,Error,Server,Reading,Disk,Guest,98,Process 387,Event 387,None,0,Deleting
2023-05-21 09:12:35,WARNING,Server,Activity,High,Log message 388,180.65.29.31,66.218.192.163,aFdMFSgk,6193,-,Normal,System,Processing,User Activity,Administrator,69,Process 388,Event 388,None,0,Viewing
2024-08-05 18:03:42,INFO,System,Security,Low,Log message 389,72.220.165.240,180.22.178.131,HMQjocPDe,-,-,Normal,Server,Processing,User Activity,Guest,45,Process 389,Event 389,None,954,Editing
2023-05-27 00:04:02,DEBUG,Server,Security,Medium,Log message 390,108.233.96.47,162.87.238.73,uXvQsIgY,-,-,Normal,System,Writing,Network,User,68,Process 390,Event 390,None,0,Deleting
2023-01-23 12:54:40,WARNING,Application,Security,Medium,Log message 391,74.92.133.36,225.241.30.162,TWVPqDtHEA,6583,932090,Error,Server,Analyzing,User Activity,User,42,Process 391,Event 391,SyntaxError,0,Deleting
2020-03-20 11:17:40,ERROR,System,Security,Low,Log message 392,30.127.55.125,164.139.43.77,rIAjaA,1019,-,Error,Application,Writing,Disk,User,30,Process 392,Event 392,None,2813,Viewing
2023-08-16 17:17:39,INFO,System,Error,High,Log message 393,18.96.75.116,238.181.115.40,ilyNfpWIN,-,400794,Normal,System,Writing,Database,Administrator,51,Process 393,Event 393,None,1621,Editing
2020-04-09 22:59:55,INFO,Application,Activity,Medium,Log message 394,250.224.148.194,216.194.51.177,UkpVJ,8785,784968,Normal,Application,Processing,Database,User,73,Process 394,Event 394,None,117,Analyzing
2020-06-16 03:53:49,DEBUG,Application,Error,Medium,Log message 395,83.47.118.23,144.159.158.233,BiDIIDB,-,116456,Error,Server,Analyzing,Network,Guest,42,Process 395,Event 395,None,1759,Viewing
2023-05-24 03:28:16,WARNING,Application,Security,High,Log message 396,20.255.77.104,166.14.228.251,frQzhp,1184,953326,Normal,System,Processing,Database,Guest,96,Process 396,Event 396,TypeError,235,Editing
2023-11-05 06:59:15,INFO,Application,Error,Low,Log message 397,8.125.33.180,233.231.187.131,pSdJRgyQ,3378,368214,Normal,Application,Reading,User Activity,User,50,Process 397,Event 397,None,1725,Deleting
2020-12-13 05:06:52,ERROR,Server,Activity,High,Log message 398,188.43.72.223,87.80.208.20,VRlpzRg,8203,562433,Error,System,Analyzing,Disk,Administrator,62,Process 398,Event 398,None,2212,Editing
2023-03-12 20:09:16,WARNING,Server,Security,High,Log message 399,195.237.61.244,205.3.57.157,qbilQHXNGM,-,684802,Normal,System,Reading,Database,User,87,Process 399,Event 399,None,1266,Editing
2021-09-24 23:34:02,WARNING,Server,Security,High,Log message 400,90.177.148.27,61.38.11.69,bCGExwwkz,7060,222014,Error,Application,Analyzing,Network,User,19,Process 400,Event 400,RuntimeError,0,Analyzing
2020-08-01 04:15:42,WARNING,System,Activity,High,Log message 401,6.106.243.178,178.56.30.122,LJfNu,-,938249,Normal,System,Writing,Database,Guest,92,Process 401,Event 401,RuntimeError,0,Analyzing
2023-01-24 07:38:47,INFO,Server,Security,Medium,Log message 402,142.51.119.167,245.38.150.80,RaAHs,-,-,Normal,Application,Analyzing,Database,User,20,Process 402,Event 402,None,0,Analyzing
2022-12-21 08:47:47,DEBUG,Server,Error,Medium,Log message 403,194.122.234.83,64.182.228.43,hUStZ,5925,-,Normal,System,Writing,Database,User,34,Process 403,Event 403,None,0,Viewing
2024-03-16 19:41:12,WARNING,System,Activity,Medium,Log message 404,146.185.2.187,31.183.78.35,yniNGwFx,1971,360991,Error,Application,Processing,User Activity,User,15,Process 404,Event 404,None,0,Analyzing
2024-06-26 01:35:50,WARNING,Server,Activity,Low,Log message 405,210.127.151.209,168.188.7.36,IBGGEJ,8606,727510,Normal,Server,Analyzing,User Activity,Guest,22,Process 405,Event 405,None,1479,Deleting
2024-02-19 08:33:29,INFO,System,Security,High,Log message 406,238.42.175.61,248.14.98.205,QnacNeCm,8372,937591,Normal,Application,Writing,Disk,User,7,Process 406,Event 406,None,2582,Analyzing
2024-03-22 05:16:29,ERROR,Server,Error,Low,Log message 407,229.220.176.245,176.64.224.212,EvDxxDr,-,-,Normal,Application,Reading,Network,User,9,Process 407,Event 407,SyntaxError,1658,Editing
2023-07-15 11:20:29,ERROR,Server,Error,Low,Log message 408,24.173.0.63,53.36.34.164,IZnzmHrt,-,300082,Error,Server,Writing,Network,Guest,74,Process 408,Event 408,None,1426,Analyzing
2022-05-02 04:50:12,ERROR,Application,Activity,High,Log message 409,91.2.209.97,126.233.213.88,PqxwSRtAlz,-,861486,Normal,System,Processing,Disk,Administrator,73,Process 409,Event 409,RuntimeError,1522,Editing
2021-02-28 04:44:16,DEBUG,Application,Error,Low,Log message 410,48.22.176.18,96.155.123.248,rCFUEMOTL,1099,-,Normal,Server,Reading,Disk,Administrator,23,Process 410,Event 410,RuntimeError,0,Analyzing
2024-04-02 20:20:06,WARNING,System,Error,Medium,Log message 411,190.113.90.161,231.39.87.68,nkrFyYzeb,-,-,Normal,System,Reading,Disk,User,99,Process 411,Event 411,None,0,Analyzing
2021-05-16 02:21:45,ERROR,Server,Activity,High,Log message 412,68.16.81.2,142.230.106.142,hqkhpgM,-,835486,Normal,Application,Analyzing,Network,Guest,95,Process 412,Event 412,None,1787,Viewing
2023-12-10 15:48:29,INFO,System,Error,High,Log message 413,79.37.148.238,209.160.224.152,FRYUb,2898,703290,Normal,System,Analyzing,User Activity,Administrator,21,Process 413,Event 413,None,2033,Deleting
2024-05-22 04:02:37,WARNING,Application,Error,Medium,Log message 414,140.45.28.47,249.47.95.203,UHprjKwY,-,872752,Normal,Server,Reading,User Activity,Administrator,15,Process 414,Event 414,None,0,Viewing
2022-06-02 12:44:22,ERROR,Server,Activity,Medium,Log message 415,169.41.133.135,95.48.91.105,phUmZsf,-,-,Normal,Server,Reading,Disk,Administrator,14,Process 415,Event 415,SyntaxError,447,Analyzing
2024-11-05 02:35:10,WARNING,Application,Activity,Low,Log message 416,64.36.59.2,54.154.196.215,xdfwRJ,7590,396889,Error,Server,Writing,Disk,Administrator,42,Process 416,Event 416,None,0,Deleting
2024-02-27 15:40:24,DEBUG,System,Activity,High,Log message 417,11.104.16.42,155.68.10.136,CDljaCc,-,-,Normal,Server,Processing,Database,Administrator,29,Process 417,Event 417,ValueError,1437,Viewing
2020-05-09 18:27:11,DEBUG,Server,Activity,Low,Log message 418,92.177.207.15,141.89.136.174,ZiDFGn,9026,408781,Normal,Application,Processing,Disk,Guest,16,Process 418,Event 418,TypeError,0,Analyzing
2022-08-01 09:56:52,WARNING,Application,Security,Medium,Log message 419,128.211.72.87,113.203.27.78,XaxPqr,8999,689317,Normal,System,Writing,Disk,User,57,Process 419,Event 419,SyntaxError,402,Analyzing
2020-04-11 20:39:43,INFO,System,Activity,Medium,Log message 420,69.221.156.88,154.26.104.75,ugaxL,1689,386716,Error,Application,Processing,Database,Administrator,6,Process 420,Event 420,None,62,Viewing
2021-04-07 23:08:44,DEBUG,Application,Error,High,Log message 421,196.117.16.169,140.213.18.217,OiTYXXBeN,-,988358,Normal,Application,Reading,Disk,Administrator,30,Process 421,Event 421,None,500,Analyzing
2024-03-07 08:53:48,INFO,Application,Security,Medium,Log message 422,14.160.130.116,48.102.13.153,VyahH,3411,558009,Error,Application,Processing,Disk,User,12,Process 422,Event 422,ValueError,0,Editing
2020-03-04 21:20:26,INFO,Server,Activity,High,Log message 423,9.100.98.50,209.156.53.12,ckJsdh,6093,336394,Normal,Application,Processing,User Activity,Guest,81,Process 423,Event 423,None,20,Deleting
2020-01-21 00:44:50,WARNING,Application,Activity,Medium,Log message 424,105.226.216.127,107.251.9.10,RIOdDojEi,-,427806,Normal,Application,Processing,Database,User,21,Process 424,Event 424,None,2798,Analyzing
2023-11-25 19:03:13,ERROR,Server,Security,Medium,Log message 425,217.150.27.226,151.255.160.114,rcxcOLMT,-,153893,Normal,Application,Processing,Database,User,20,Process 425,Event 425,None,553,Viewing
2020-11-06 15:18:50,ERROR,Server,Activity,Medium,Log message 426,172.3.76.166,34.14.193.209,svdGPGpuTh,4062,-,Normal,Server,Writing,User Activity,Guest,100,Process 426,Event 426,None,2126,Viewing
2024-07-06 07:10:38,DEBUG,Server,Security,Medium,Log message 427,79.121.160.214,96.114.142.73,jHWuoAHaEh,3201,462725,Normal,Server,Reading,Database,Administrator,83,Process 427,Event 427,ValueError,620,Viewing
2024-05-19 23:08:31,DEBUG,Application,Security,High,Log message 428,49.223.11.228,203.149.243.207,gjdTyx,-,-,Error,Server,Analyzing,Network,Administrator,65,Process 428,Event 428,None,0,Analyzing
2024-05-07 02:57:38,WARNING,Server,Error,High,Log message 429,164.227.89.14,191.12.201.191,XlLfRky,9857,606417,Normal,System,Analyzing,User Activity,User,35,Process 429,Event 429,SyntaxError,0,Analyzing
2021-01-08 06:57:23,ERROR,Application,Activity,Low,Log message 430,127.222.221.0,25.3.252.49,CnWyPmO,1579,173956,Normal,Server,Processing,Network,User,74,Process 430,Event 430,None,0,Deleting
2023-12-09 12:58:50,DEBUG,Application,Error,Low,Log message 431,190.233.11.167,72.245.76.1,nzpGgLR,-,926273,Normal,Server,Reading,Disk,User,59,Process 431,Event 431,None,2184,Viewing
2024-01-21 04:49:47,ERROR,Application,Security,Low,Log message 432,197.242.83.29,116.250.59.9,oBvfN,-,-,Normal,Server,Writing,Network,User,81,Process 432,Event 432,RuntimeError,776,Editing
2020-07-05 23:00:31,ERROR,System,Activity,High,Log message 433,134.252.215.169,64.3.114.31,BGzuLHOJ,-,483119,Error,Server,Processing,Disk,Administrator,41,Process 433,Event 433,None,2338,Editing
2022-07-07 01:06:12,DEBUG,Server,Activity,Low,Log message 434,117.88.0.138,133.143.217.192,vNkqy,4611,575617,Error,System,Processing,Network,Guest,58,Process 434,Event 434,None,3203,Editing
2021-09-03 09:56:12,ERROR,Application,Error,Low,Log message 435,15.63.248.152,200.145.247.151,zpPpb,4486,661299,Normal,Application,Reading,Database,Guest,93,Process 435,Event 435,TypeError,1400,Deleting
2024-04-15 17:30:19,ERROR,Server,Activity,High,Log message 436,151.82.66.95,156.110.152.234,RekbRoQvJ,-,492750,Normal,Application,Analyzing,Network,Administrator,62,Process 436,Event 436,SyntaxError,2048,Viewing
2020-10-03 13:17:02,INFO,Server,Security,Medium,Log message 437,240.164.19.93,149.37.27.114,XKVcL,-,126419,Normal,Application,Writing,Database,User,93,Process 437,Event 437,TypeError,1717,Editing
2024-09-16 20:43:46,WARNING,System,Security,Medium,Log message 438,196.33.226.72,99.223.231.215,cSjEMhhOn,-,254601,Normal,Server,Writing,Network,User,79,Process 438,Event 438,SyntaxError,1098,Deleting
2024-05-21 21:12:35,WARNING,Application,Security,Low,Log message 439,134.168.95.24,255.55.208.124,fjiBWOJbyg,-,446510,Normal,Application,Reading,Network,Administrator,59,Process 439,Event 439,RuntimeError,2706,Analyzing
2020-01-01 20:35:51,DEBUG,Server,Error,High,Log message 440,169.5.135.216,162.83.63.162,HtcPBa,-,724211,Normal,Server,Processing,User Activity,Administrator,12,Process 440,Event 440,None,0,Deleting
2020-01-15 22:46:12,DEBUG,Application,Security,High,Log message 441,240.233.173.186,253.27.177.167,AhAazvLXVv,-,821389,Normal,Server,Reading,User Activity,User,90,Process 441,Event 441,None,0,Deleting
2024-07-24 22:32:26,INFO,Application,Activity,High,Log message 442,174.249.60.58,191.254.101.55,kJRpNPZ,-,-,Error,Application,Processing,User Activity,Guest,98,Process 442,Event 442,RuntimeError,735,Viewing
2023-08-16 22:44:19,WARNING,System,Activity,Low,Log message 443,128.148.234.181,223.98.178.20,MnMsZ,-,-,Normal,Application,Processing,User Activity,Administrator,59,Process 443,Event 443,None,0,Deleting
2021-07-03 06:59:00,INFO,Application,Security,Medium,Log message 444,154.63.204.159,199.121.234.66,IUWWp,-,373241,Normal,Application,Processing,Database,Administrator,8,Process 444,Event 444,None,0,Analyzing
2020-05-20 06:38:24,DEBUG,System,Activity,Medium,Log message 445,0.218.116.45,69.174.27.86,bfPiCLm,-,110616,Normal,Server,Writing,Network,Guest,13,Process 445,Event 445,RuntimeError,0,Deleting
2021-03-05 20:39:25,WARNING,Application,Security,High,Log message 446,174.15.215.63,27.7.3.225,nZRliEKd,3284,447621,Normal,Application,Writing,Database,Guest,3,Process 446,Event 446,None,213,Editing
2022-08-16 21:32:48,WARNING,Application,Security,High,Log message 447,165.211.14.78,101.22.168.166,HzyACIm,7537,450651,Normal,Server,Processing,User Activity,User,79,Process 447,Event 447,SyntaxError,1054,Viewing
2020-04-26 10:53:23,DEBUG,Application,Error,Low,Log message 448,20.42.37.175,112.197.55.114,MwwSJxpYd,5098,-,Normal,Application,Reading,Disk,User,89,Process 448,Event 448,ValueError,1206,Editing
2020-02-17 12:17:49,DEBUG,System,Error,Medium,Log message 449,22.183.91.115,172.68.129.246,MwShSrQfF,1278,536547,Normal,Application,Writing,Network,User,56,Process 449,Event 449,None,1678,Analyzing
2020-08-11 03:35:45,ERROR,Server,Error,Low,Log message 450,116.65.179.67,211.128.104.204,AFRuNAVfbN,-,494411,Normal,Server,Writing,Database,Administrator,11,Process 450,Event 450,None,1711,Editing
2020-11-06 09:26:29,DEBUG,Application,Activity,High,Log message 451,31.200.101.84,202.247.19.57,sPKoKMQYEi,8888,-,Normal,Application,Processing,Disk,Guest,75,Process 451,Event 451,None,0,Deleting
2021-07-10 13:30:44,WARNING,Server,Security,High,Log message 452,41.155.205.171,150.86.66.10,UJkrwO,6046,-,Normal,System,Reading,Network,Guest,66,Process 452,Event 452,None,2667,Deleting
2021-06-26 15:28:41,ERROR,System,Error,High,Log message 453,48.109.110.12,218.114.201.6,FBEFc,-,-,Normal,Server,Analyzing,Network,Administrator,33,Process 453,Event 453,None,449,Viewing
2022-10-10 09:49:43,ERROR,Application,Error,Low,Log message 454,247.210.165.75,235.66.56.31,wAMfP,-,614126,Normal,System,Processing,Database,User,32,Process 454,Event 454,None,0,Viewing
2022-05-22 12:11:40,WARNING,Application,Error,Low,Log message 455,94.153.119.14,170.177.84.108,sbEgp,-,889341,Normal,System,Analyzing,Database,User,61,Process 455,Event 455,None,0,Editing
2023-09-08 15:32:18,INFO,Server,Security,Low,Log message 456,185.55.110.249,247.172.165.67,aRXKfy,8734,805992,Normal,Server,Processing,Network,User,99,Process 456,Event 456,None,3176,Viewing
2021-12-28 07:00:00,DEBUG,System,Error,Low,Log message 457,164.35.4.43,183.130.169.60,zYEdWMR,8972,-,Normal,Application,Processing,Database,Guest,99,Process 457,Event 457,TypeError,0,Analyzing
2023-04-22 23:12:30,INFO,Application,Security,Low,Log message 458,35.97.186.185,94.196.172.212,QgiPQzqdWe,6920,-,Normal,System,Reading,Network,Administrator,64,Process 458,Event 458,None,1656,Analyzing
2020-05-27 22:31:01,DEBUG,Server,Activity,Medium,Log message 459,58.240.216.168,238.62.215.121,ZBTWTKFAg,-,-,Error,Server,Reading,Disk,User,90,Process 459,Event 459,None,0,Editing
2020-01-26 12:47:30,DEBUG,Application,Security,Low,Log message 460,201.160.220.194,68.170.165.250,hwTwJJRH,-,151332,Normal,Application,Writing,User Activity,Administrator,13,Process 460,Event 460,ValueError,0,Editing
2023-04-12 06:31:33,DEBUG,System,Activity,Medium,Log message 461,99.0.132.3,23.241.207.50,GGtRBnIJmO,3892,818115,Normal,Application,Analyzing,User Activity,Guest,59,Process 461,Event 461,ValueError,1020,Deleting
2024-11-11 00:06:49,INFO,Application,Error,High,Log message 462,195.65.178.74,37.5.174.43,AvzlC,4718,159495,Error,Server,Analyzing,Disk,Guest,28,Process 462,Event 462,None,42,Editing
2023-07-03 04:49:45,DEBUG,System,Error,Medium,Log message 463,191.82.177.187,245.200.85.85,PGCwdjAyX,9569,519781,Normal,Application,Processing,Database,Guest,42,Process 463,Event 463,None,0,Analyzing
2022-05-14 09:21:12,WARNING,System,Activity,High,Log message 464,34.156.40.250,6.247.136.247,zKqqE,3028,794188,Normal,System,Writing,User Activity,User,55,Process 464,Event 464,RuntimeError,1937,Analyzing
2024-05-10 10:57:32,WARNING,Server,Error,High,Log message 465,251.223.206.240,42.157.85.103,cyXcaDQAJx,9263,854232,Normal,System,Analyzing,Network,User,35,Process 465,Event 465,None,822,Editing
2020-02-10 15:25:06,INFO,Application,Activity,Low,Log message 466,178.251.54.229,119.38.98.92,AtHizAlemL,4748,953615,Normal,System,Reading,User Activity,User,51,Process 466,Event 466,None,0,Deleting
2022-06-17 20:20:30,WARNING,Application,Activity,High,Log message 467,219.125.206.12,201.23.56.8,XyLPYspT,3702,395378,Error,Server,Analyzing,User Activity,Guest,66,Process 467,Event 467,None,0,Viewing
2022-08-11 01:08:24,DEBUG,System,Security,High,Log message 468,205.164.197.128,183.111.73.18,rFghDAcAbC,1171,159931,Normal,System,Reading,Disk,Administrator,70,Process 468,Event 468,RuntimeError,1737,Deleting
2023-08-26 06:51:08,ERROR,Server,Error,Low,Log message 469,63.207.225.37,250.197.35.185,AnNyAEBsV,-,517044,Normal,Server,Writing,User Activity,User,66,Process 469,Event 469,None,3311,Analyzing
2020-01-19 10:21:41,INFO,Application,Activity,Medium,Log message 470,37.93.48.70,190.218.127.181,MzKvZNvTz,-,-,Error,Server,Processing,Disk,Guest,16,Process 470,Event 470,None,2016,Editing
2020-10-26 02:33:22,ERROR,Server,Error,High,Log message 471,252.193.184.77,163.7.66.129,FUyBn,2133,-,Normal,System,Processing,Disk,Administrator,89,Process 471,Event 471,None,1689,Viewing
2024-09-20 19:59:28,WARNING,Application,Error,Medium,Log message 472,225.234.238.245,26.77.166.202,nqaWPTuAD,-,293733,Normal,System,Writing,Network,Guest,31,Process 472,Event 472,None,1028,Editing
2023-01-17 23:10:34,INFO,System,Error,Medium,Log message 473,170.169.156.46,220.167.68.115,eudpiUFHSW,-,514255,Normal,System,Reading,Disk,User,91,Process 473,Event 473,None,3379,Analyzing
2022-06-02 13:00:26,INFO,System,Security,Low,Log message 474,69.48.167.141,54.93.59.191,kAlIilof,9452,-,Normal,Application,Analyzing,Network,Administrator,21,Process 474,Event 474,None,0,Deleting
2023-12-03 00:06:19,DEBUG,Application,Security,High,Log message 475,250.223.225.166,216.176.73.251,xHeAemK,-,398816,Error,Server,Processing,Database,User,32,Process 475,Event 475,None,2117,Viewing
2023-12-21 13:17:30,DEBUG,Server,Activity,Medium,Log message 476,84.81.186.183,243.131.123.229,gaBnrV,7174,399900,Normal,Server,Writing,Database,Guest,53,Process 476,Event 476,None,242,Editing
2024-10-19 07:46:36,DEBUG,Application,Error,High,Log message 477,75.243.148.92,141.166.138.188,EbRGetq,-,662287,Normal,Server,Processing,Network,Guest,47,Process 477,Event 477,None,1948,Deleting
2024-08-19 20:50:21,INFO,System,Security,High,Log message 478,248.20.225.216,99.211.96.28,ZnmaOYfd,-,409438,Normal,Application,Reading,Database,Guest,25,Process 478,Event 478,SyntaxError,0,Viewing
2020-12-10 13:52:52,DEBUG,System,Activity,High,Log message 479,56.246.220.19,184.175.210.199,EkgeGazLM,8647,748283,Normal,Server,Processing,Network,Administrator,70,Process 479,Event 479,None,2624,Analyzing
2022-09-24 20:13:53,INFO,Application,Error,Medium,Log message 480,199.206.49.237,93.173.211.54,ApsNshayp,8833,240247,Error,Application,Reading,User Activity,Guest,49,Process 480,Event 480,ValueError,3204,Deleting
2022-09-10 11:30:08,ERROR,Server,Error,High,Log message 481,50.140.151.171,194.69.148.238,GmoBUxNr,6619,309798,Normal,Server,Reading,Network,Administrator,59,Process 481,Event 481,None,552,Analyzing
2024-01-11 07:06:18,WARNING,Server,Activity,High,Log message 482,93.163.67.206,243.115.232.148,HIrsOgNk,2264,-,Normal,Application,Processing,Disk,Administrator,2,Process 482,Event 482,None,3311,Analyzing
2024-02-01 01:48:10,INFO,System,Activity,Medium,Log message 483,215.75.95.250,45.196.8.209,cbnnnqet,-,358953,Normal,Application,Analyzing,Disk,Administrator,99,Process 483,Event 483,ValueError,231,Analyzing
2022-06-15 19:20:31,ERROR,Application,Security,Low,Log message 484,220.55.145.90,249.12.115.43,PZKKvz,3692,231964,Normal,Application,Processing,Database,Administrator,64,Process 484,Event 484,None,0,Deleting
2023-04-20 11:55:38,INFO,Application,Activity,High,Log message 485,113.96.174.244,184.211.3.208,RzGays,6463,672757,Normal,Application,Processing,Disk,User,24,Process 485,Event 485,None,0,Viewing
2022-04-20 03:31:23,WARNING,Application,Activity,High,Log message 486,2.243.97.124,12.113.156.220,LCXirwmS,1422,278532,Normal,Server,Processing,User Activity,User,1,Process 486,Event 486,None,0,Analyzing
2021-05-20 12:45:24,DEBUG,Application,Activity,High,Log message 487,174.173.198.249,185.169.202.219,ewWxlIrI,4215,153426,Error,Server,Writing,User Activity,Administrator,75,Process 487,Event 487,None,3146,Analyzing
2024-06-18 13:58:24,ERROR,System,Security,Medium,Log message 488,116.225.111.164,43.27.176.38,uRckGyWlyd,-,-,Normal,Application,Reading,User Activity,User,15,Process 488,Event 488,None,2212,Editing
2024-10-11 17:55:08,INFO,System,Activity,Medium,Log message 489,100.64.111.235,115.143.122.171,cpThuJfF,5405,803039,Error,System,Writing,Network,Guest,70,Process 489,Event 489,SyntaxError,3389,Analyzing
2022-07-12 15:41:41,ERROR,System,Security,Medium,Log message 490,38.255.21.200,220.12.181.105,ByCqz,-,-,Normal,System,Analyzing,Database,User,2,Process 490,Event 490,None,1648,Viewing
2023-07-28 12:25:44,ERROR,Server,Activity,Medium,Log message 491,164.202.21.34,24.105.145.228,gPIewHVzy,3587,830759,Normal,System,Processing,Database,Administrator,6,Process 491,Event 491,RuntimeError,3251,Editing
2024-05-10 19:28:30,WARNING,Server,Error,High,Log message 492,55.2.38.163,31.69.210.124,ZcKzdIMRk,5640,437214,Error,Application,Reading,User Activity,Guest,22,Process 492,Event 492,None,0,Editing
2022-05-06 08:01:29,WARNING,Server,Error,Medium,Log message 493,196.98.128.207,203.237.76.17,aerGR,-,766609,Normal,Application,Writing,Network,Guest,65,Process 493,Event 493,ValueError,0,Editing
2022-02-06 20:34:03,INFO,System,Security,Medium,Log message 494,122.98.228.80,209.32.47.136,fHtSSHaJ,-,123382,Error,Server,Reading,Disk,Administrator,77,Process 494,Event 494,None,2074,Editing
2020-12-15 18:52:06,ERROR,Server,Activity,High,Log message 495,23.114.187.1,94.187.147.215,CnnNos,-,722791,Normal,Server,Processing,Database,User,74,Process 495,Event 495,None,0,Deleting
2023-08-13 00:38:41,DEBUG,System,Error,Medium,Log message 496,121.71.100.42,52.174.97.50,llURTRg,9906,460462,Normal,System,Reading,User Activity,Guest,44,Process 496,Event 496,None,1211,Viewing
2022-05-08 23:00:26,INFO,System,Error,Low,Log message 497,70.9.125.132,42.124.133.114,OFukERonu,4048,-,Normal,Server,Reading,Disk,User,59,Process 497,Event 497,None,388,Analyzing
2021-01-19 04:22:45,DEBUG,System,Activity,High,Log message 498,184.136.105.93,61.45.241.137,YErHBODL,-,-,Normal,Server,Analyzing,User Activity,User,98,Process 498,Event 498,ValueError,0,Editing
2020-07-14 22:27:59,WARNING,System,Security,High,Log message 499,15.157.42.251,88.28.199.19,JzvHRFwexY,2384,-,Error,Server,Analyzing,User Activity,User,58,Process 499,Event 499,ValueError,1247,Deleting
2022-08-05 17:23:45,INFO,Server,Error,Low,Log message 500,234.187.123.207,248.78.152.81,cvehJjsQ,5158,316226,Normal,System,Analyzing,Disk,Administrator,86,Process 500,Event 500,TypeError,404,Deleting
